,Issuer,First date issued GB,Last date issued GB,Total amount  (sum),Number of bonds,Region
0,ALAMEDA CNTY WTR DIST FING AUTH WTR SYS,    05-Apr-2022,    05-Apr-2022,43575000,19,West
1,ALISAL CA UNION SCH DIST COPS,    16-Feb-2021,    16-Feb-2021,8560000,13,West
2,ANACORTES WA UTILITY SYS REVENUE,    20-Oct-2020,    20-Oct-2020,23070000,19,West
3,ANDERSON VLY CA UNIF SCH DIST,    13-Oct-2010,    13-Oct-2010,905000,5,West
4,ANTELOPE VLY-E KERN CA WTR AGY FING AUTH REVENUE,    26-Jan-2017,    26-Jan-2017,12155000,5,West
5,AURORA CO WTR REVENUE,    16-Aug-2016,    09-Sep-2021,638130000,38,West
6,BELLINGHAM WA,    27-Apr-2011,    27-Apr-2011,6480000,1,West
7,BEND OR SWR REVENUE,    30-Sep-2020,    30-Sep-2020,37305000,22,West
8,BERKELEY CA,    16-Apr-2020,    03-Jun-2020,17265000,34,West
9,BIG PINE CA UNIF SCH DIST,    07-Sep-2010,    07-Sep-2010,600000,1,West
10,BOARDMAN OR,    20-May-2021,    20-May-2021,19825000,15,West
11,BOISE ID WTR RENEWAL REVENUE,    30-Jun-2022,    30-Jun-2022,76835000,16,West
12,BOULDER CNTY CO ENERGY CONSV CAPITAL IMPT TRUST FUND,    23-Jun-2010,    23-Jun-2010,2590000,1,West
13,BOULDER CO WTR & SWR REVENUE,    01-Jun-2022,    01-Jun-2022,41950000,20,West
14,BREA CA PUBLIC FING AUTH LEASE REVENUE,    13-Jul-2021,    13-Jul-2021,2220000,9,West
15,CALIFORNIA CMNTY CHOICE FING AUTH CLEAN ENERGY PROJ REVENUE,    23-Sep-2021,    27-Jan-2023,4069700000,51,West
16,CALIFORNIA PUBLIC FIN AUTH SENIOR LIVING REVENUE,    09-Jun-2021,    09-Jun-2021,297030000,8,West
17,CALIFORNIA ST,    07-Oct-2014,    07-Oct-2014,300000000,4,West
18,CALIFORNIA ST CMNTY CLG FING AUTH LEASE REVENUE,    23-Aug-2011,    23-Aug-2011,2520000,1,West
19,CALIFORNIA ST DEPT OF WTR RESOURCES CENTRL VLY PROJ,    22-Sep-2022,    22-Sep-2022,248260000,12,West
20,CALIFORNIA ST EDUCTNL FACS AUTH REVENUE,    07-Nov-2018,    07-Nov-2018,83695000,19,West
21,CALIFORNIA ST ENTERPRISE DEV AUTH COMMERCIAL PROPERTY ASSESE,    01-Apr-2014,    23-Sep-2016,10429000,7,West
22,CALIFORNIA ST HLTH FACS FING AUTH REVENUE,    03-May-2017,    03-May-2017,408390000,1,West
23,CALIFORNIA ST HSG FIN AGY MULTIFAMILY GREEN TAX EXEMPT,    01-Nov-2019,    01-Nov-2019,74000000,1,West
24,CALIFORNIA ST INFRASTRUCTURE & ECON DEV BANK LEASE REVENUE,    19-Dec-2019,    21-Dec-2022,288245000,41,West
25,CALIFORNIA ST INFRASTRUCTURE & ECON DEV BANK REVENUE,    28-Apr-2016,    31-Jan-2023,1609800000,91,West
26,CALIFORNIA ST MUNI FIN AUTH REVENUE,    14-Apr-2022,    14-Apr-2022,75000000,1,West
27,CALIFORNIA ST MUNI FIN AUTH STUDENT HSG REVENUE,    25-May-2021,    25-May-2021,277425000,21,West
28,CALIFORNIA ST POLL CONTROL FIN AUTH SOL WST DISP REVENUE,    14-Jun-2017,    13-Oct-2020,476170000,9,West
29,CALIFORNIA ST POLL CONTROL FING AUTH REVENUE,    20-Dec-2016,    20-Dec-2016,70000000,1,West
30,CALIFORNIA ST PUBLIC WKS BRD LEASE REVENUE,    17-Nov-2021,    20-Apr-2022,752600000,50,West
31,CALIFORNIA ST STWD CMNTYS DEVAUTH LTD OBLG REVENUE,    08-Aug-2019,    08-Aug-2019,49495394,3,West
32,CALIFORNIA STWD CMNTYS DEV AUTH REVENUE,    23-May-2018,    26-Jan-2021,247760000,30,West
33,CALISTOGA CA JT UNIF SCH DIST,    25-May-2011,    25-May-2011,570000,1,West
34,CALLEGUAS CA MUNI WTR DIST,    06-Apr-2021,    06-Apr-2021,38505000,15,West
35,CAPISTRANO CA UNIF SCH DIST COPS,    21-Dec-2017,    21-Dec-2017,18605000,12,West
36,CASHMERE WA WTR & SWR REVENUE,    24-Feb-2021,    24-Feb-2021,8885000,9,West
37,CENTRL PUGET SOUND WA REGL TRANSIT AUTH SALES & USE TAX,    10-Sep-2015,    10-Sep-2015,939940000,18,West
38,CENTRL PUGET SOUND WA REGL TRANSIT AUTH SALES TAX & MOTOR VE,    19-Dec-2016,    04-Nov-2021,1244300000,36,West
39,CENTRL UT WTR CONSERVANCY DIST JORDANELLE HYDROELEC REVENUE,    15-Jul-2021,    15-Jul-2021,3995000,5,West
40,CHEROKEE CO MET DIST WTR & WSTWTR ENTERPRISE REVENUE,    22-Oct-2020,    22-Oct-2020,38755000,9,West
41,CHOWCHILLA CA PUBLIC FING AUTH,    03-Aug-2017,    03-Aug-2017,1970000,9,West
42,CHOWCHILLA CA PUBLIC FING AUTH WSTWTR REVENUE,    06-Jun-2017,    06-Jun-2017,3080000,13,West
43,CHOWCHILLA CA PUBLIC FING AUTHWTR REVENUE,    29-Jun-2017,    29-Jun-2017,2515000,9,West
44,CHULA VISTA CA MUNI FING AUTH LEASE REVENUE,    21-Dec-2017,    21-Dec-2017,12615000,18,West
45,CNTRL VLY WTR RECLAMATION FAC UT SWR REVENUE,    03-Jun-2021,    03-Jun-2021,150050000,40,West
46,COACHELLA VLY CA WTR DIST STORMWTR SYS REVENUE COPS,    12-May-2022,    12-May-2022,53340000,21,West
47,COLORADO ST BRD OF GOVERNORS UNIV ENTERPRISE SYS REVENUE,    16-Sep-2015,    16-Sep-2015,42125000,12,West
48,COLORADO ST SCH OF MINES INSTNL ENTERPRISE REVENUE,    15-Dec-2022,    15-Dec-2022,46405000,23,West
49,COLORADO ST WTR RESOURCES & PWR DEV AUTH CLEAN WTR REVENUE,    14-Nov-2018,    14-Nov-2018,8605000,19,West
50,COLORADO ST WTR RESOURCES & PWR DEV AUTH ST REVOLVING FUND R,    05-May-2022,    05-May-2022,37030000,22,West
51,CONTRA COSTA CNTY CA PUBLIC FING AUTH LEASE REVENUE,    25-Aug-2015,    25-Aug-2015,12390000,13,West
52,COSUMNES CA CMNTY SVCS DIST COPS,    04-Oct-2016,    04-Oct-2016,5450000,5,West
53,DENVER CITY & CNTY CO BRD OF WTR COMMISSIONERS WTR REVENUE,    23-May-2017,    23-May-2017,135470000,9,West
54,DENVER CO CITY & CNTY WSTWTR MGMT DIV DEPT OF PUBLIC WORKS,    22-Feb-2018,    22-Feb-2018,92385000,22,West
55,DEUTSCHE BANK SPEARS/LIFERS TRUST VARIOUS STATES,    23-Jan-2023,    23-Jan-2023,10000000,2,West
56,DIRECTOR OF THE ST OF NEVADA DEPT OF BUSINESS & INDUSTRY ENV,    27-Oct-2017,    14-Dec-2020,289000000,7,West
57,DISCOVERY CLEAN WTR ALLIANCE WA SWR REVENUE,    14-Jul-2022,    14-Jul-2022,44250000,20,West
58,DONALA CO WTR & SANTN DIST REVENUE,    27-Oct-2020,    27-Oct-2020,9140000,19,West
59,DUBLIN CA UNIF SCH DIST,    13-May-2020,    13-May-2020,120955000,23,West
60,DUBLIN FING AUTH LEASE REVENUE,    14-Oct-2021,    14-Oct-2021,18060000,19,West
61,E BAY CA MUNI UTILITY DIST WSTWTR SYS REVENUE,    16-Jun-2022,    16-Jun-2022,18140000,6,West
62,EAST BAY CA MUNI UTILITY DIST WTR SYS REVENUE,    17-Jun-2015,    21-Jun-2022,547940000,66,West
63,EAST BAY CA REGL PARK DIST,    06-Dec-2017,    01-Mar-2022,60980000,36,West
64,EDMONDS WA WTR & SWR REVENUE,    10-Nov-2020,    10-Nov-2020,13875000,7,West
65,FAIRFIELD-SUISUN CA UNIF SCH DIST COPS,    18-Nov-2021,    18-Nov-2021,5645000,19,West
66,FALLBROOK CA PUBLIC UTIL DIST WSTWTR REVENUE,    27-Jan-2021,    27-Jan-2021,17655000,14,West
67,FIREBAUGH CA LEASE AGREEMENT,    30-May-2019,    30-May-2019,4530000,2,West
68,FOSTER CITY CA,    05-Aug-2020,    05-Aug-2020,77165000,20,West
69,FREMONT CA UNION HIGH SCH DIST SANTA CLARA CNTY,    11-Jul-2017,    26-May-2021,67500000,25,West
70,FYI PROPERTIES WA LEASE REVENUE,    05-Mar-2019,    05-Mar-2019,203840000,17,West
71,GLENDALE CA UNIF SCH DIST,    16-Aug-2011,    16-Aug-2011,4300000,1,West
72,GRANT CNTY WA PUBLIC UTIL DIST #2 PRIEST RAPIDS HYDRO ELEC R,    27-Apr-2010,    25-Mar-2020,411610000,17,West
73,GRANT CNTY WA PUBLIC UTILITY DIST #2 ELEC REVENUE,    18-Sep-2013,    18-Sep-2013,67625000,12,West
74,GRESHAM OR,    30-Jul-2013,    30-Jul-2013,2665000,4,West
75,HARMONY CA UN SCH DIST,    05-Mar-2020,    05-Mar-2020,2685000,3,West
76,HASTINGS CAMPUS HSG FIN AUTH CA CAMPUS HSG REVENUE,    10-Sep-2020,    10-Sep-2020,360720000,3,West
77,HAWAII ST,    29-Oct-2015,    29-Oct-2015,26940000,13,West
78,HAWAII ST DEPT BUSINESS ECON DEV & TOURISM GREEN ENERGY MKT,    13-Nov-2014,    13-Nov-2014,100000000,1,West
79,HAYWARD CA UNIF SCH DIST,    20-Mar-2019,    20-Mar-2019,4965000,3,West
80,HONOLULU CITY & CNTY HI,    26-Oct-2016,    05-Sep-2018,284440000,46,West
81,HONOLULU CITY & CNTY HI WSTWTR SYS REVENUE,    25-May-2022,    25-May-2022,241355000,21,West
82,IMPERIAL CA IRR DIST ELEC REVENUE,    26-Jun-2019,    26-Jun-2019,59900000,19,West
83,IMPERIAL CALIF PUB FING AUTHREV,    01-May-2019,    01-May-2019,15320000,19,West
84,JORDAN VLY UT WTR CONSERVANCY DIST WTR REVENUE,    27-Dec-2017,    27-Dec-2017,71290000,17,West
85,KING CNTY WA,    01-Dec-2010,    08-Jun-2017,29890000,18,West
86,KITSAP CNTY WA SWR REVENUE,    21-Dec-2010,    21-Dec-2010,1110000,1,West
87,LAKEPORT CA MUNI FING AGY LEASE REVENUE,    07-Aug-2018,    07-Aug-2018,1170000,5,West
88,LANCASTER CA PWR AUTH REVENUE,    12-Oct-2021,    12-Oct-2021,17940000,14,West
89,LEMOORE CA WTR REVENUE,    19-Mar-2019,    19-Mar-2019,27085000,22,West
90,LINCOLN CA UNIF SCH DIST SAN JOAQUIN CNTY,    31-Aug-2012,    31-Aug-2012,3960000,2,West
91,LONG BEACH CA HARBOR REVENUE,    28-Jun-2017,    28-Jun-2017,25985000,1,West
92,LONGVIEW WA,    18-Apr-2013,    18-Apr-2013,1495000,3,West
93,LOS ANGELES CA DEPT OF ARPTS ARPT REVENUE,    24-Aug-2022,    24-Aug-2022,809645000,42,West
94,LOS ANGELES CA DEPT OF ARPTS CUSTOMER FAC CHARGE REVENUE,    16-Mar-2022,    16-Mar-2022,546015000,10,West
95,LOS ANGELES CA DEPT WTR & PWR REVENUE,    25-Aug-2010,    04-Jun-2013,167630000,2,West
96,LOS ANGELES CA HARBOR DEPT,    13-Oct-2016,    18-Sep-2019,50880000,3,West
97,LOS ANGELES CA WSTWTR SYS REVENUE,    04-Jun-2015,    19-Apr-2022,1026200000,78,West
98,LOS ANGELES CNTY CA DEV AUTH GEN REVENUE,    21-Apr-2022,    21-Apr-2022,31105000,19,West
99,LOS ANGELES CNTY CA ENERGY PROGRAM LIMITED SUB OBLIG IMPT BO,    13-Jul-2017,    13-Jul-2017,8474800,3,West
100,LOS ANGELES CNTY CA MET TRANSPRTN AUTH SALES TAX REVENUE,    31-Oct-2017,    27-Aug-2020,2232900000,54,West
101,LOS ANGELES CNTY CA PUBLIC WKS FING AUTH LEASE REVENUE,    03-Nov-2020,    28-Oct-2021,607695000,42,West
102,LOS ANGELES CNTY CA SANTN DISTS FING AUTH,    16-Nov-2016,    07-Apr-2022,272000000,38,West
103,LUCIA MAR CA UNIF SCH DIST COPS,    14-Apr-2021,    14-Apr-2021,9540000,10,West
104,LYNWOOD CA UTILITY AUTH ENTERPRISE REVENUE,    08-Apr-2020,    08-Apr-2020,19905000,12,West
105,MARINA CALIF CTFS PARTN,    07-Jul-2022,    07-Jul-2022,10870000,17,West
106,MARYSVILLE CA JT UNIF SCH DIST COPS,    11-Mar-2021,    11-Mar-2021,34185000,18,West
107,MASON CNTY WA,    10-Dec-2013,    10-Dec-2013,1095000,1,West
108,MCKINLEYVILLE CA CMNTY SVCS DIST REVENUE COPS,    21-Dec-2021,    21-Dec-2021,7755000,24,West
109,MENDOTA CA JT PWRS FING AUTH WSTWTR REVENUE,    10-Nov-2021,    10-Nov-2021,3980000,22,West
110,METRO OR,    30-Apr-2020,    30-Apr-2020,110000000,10,West
111,MIDPENINSULA CA REGL OPEN SPACE DIST,    22-Sep-2016,    14-Feb-2018,105505000,43,West
112,MIDWAY UT,    14-May-2020,    14-May-2020,4510000,13,West
113,MONTANA ST,    20-Oct-2020,    20-Oct-2020,21725000,14,West
114,MONTEREY CA REGL WST MGMT AUTH,    28-May-2015,    22-Dec-2021,36975000,24,West
115,MOUNT DIABLO CA UNIF SCH DIST,    30-Sep-2010,    30-Sep-2010,25880000,1,West
116,MOUNT SHASTA CA PUBLIC FING AUTH REVENUE,    16-Oct-2019,    16-Oct-2019,3925000,18,West
117,MOUNTAIN HOUSE CA PUBLIC FING AUTH UTILITY SYS REVENUE,    29-Oct-2020,    29-Oct-2020,128445000,27,West
118,MOUNTAIN UT REGL WTR SPL SVC DIST WTR REVENUE,    14-Nov-2019,    14-Nov-2019,23615000,12,West
119,MULTNOMAH CNTY OR HOSP FACS AUTH REVENUE,    01-Sep-2021,    01-Sep-2021,154620000,7,West
120,NAPA CA SOL WST REVENUE,    20-Oct-2016,    20-Oct-2016,9715000,6,West
121,NEVADA ST,    07-Dec-2021,    06-Dec-2022,40180000,44,West
122,NORTHGLENN COLO WASTEWATER REV,    09-Feb-2021,    09-Feb-2021,21310000,19,West
123,OKANOGAN CNTY WA,    05-Sep-2013,    05-Sep-2013,1115000,1,West
124,OREGON ST,    15-Nov-2012,    01-Nov-2017,12130000,32,West
125,OREGON ST HLTH & SCIENCE UNIV REVENUE,    21-Dec-2021,    21-Dec-2021,338380000,12,West
126,OXNARD CA FING AUTH WTR REVENUE,    03-Mar-2021,    03-Mar-2021,21875000,10,West
127,PACIFIC CA HSG & FIN AGY LTD OBLG,    29-Dec-2011,    29-Dec-2011,725000,1,West
128,PALO ALTO CA COPS,    05-Jun-2018,    05-Jun-2018,8185000,9,West
129,PARK CITY UT WTR REVENUE,    16-Jun-2020,    13-Oct-2021,133080000,35,West
130,PEND OREILLE CNTY WA PUBLIC UTILITY DIST #1 BOX CANYON,    17-Oct-2012,    03-Oct-2018,92655000,23,West
131,PENINSULA CORRIDOR CA JT PWRS BRD MEASURE RR SALES TAX REV,    02-Mar-2022,    02-Mar-2022,140000000,20,West
132,PIERCE CNTY WA SWR REVENUE,    22-Oct-2020,    22-Oct-2020,157960000,14,West
133,PLACER CNTY CA PUBLIC FING AUTH REVENUE,    28-Jun-2018,    28-Jun-2018,30660000,1,West
134,PORT OF MORROW OR TRANSMISSION FACS REVENUE,    16-Dec-2020,    16-Dec-2020,202315000,1,West
135,PORTLAND OR REVENUE,    29-Nov-2016,    29-Nov-2016,7215000,4,West
136,PORTLAND OR WTR SYS REVENUE,    07-Apr-2022,    07-Apr-2022,42645000,15,West
137,POWAY CA PUBLIC FING AUTH WTR REVENUE,    18-Nov-2021,    18-Nov-2021,12800000,17,West
138,PUEBLO CNTY CO COPS,    19-Jul-2022,    19-Jul-2022,126355000,18,West
139,RANCHO CA WTR DIST FING AUTH,    08-Nov-2011,    08-Nov-2011,9870000,1,West
140,RBC MUNI PRODUCTS INC TRUST,    12-Jul-2018,    12-Jul-2018,22465000,4,West
141,REGL TRANSPRTN DIST CO SALES TAX REVENUE,    11-Mar-2021,    11-Mar-2021,834035000,19,West
142,RENTON WA,    01-Jul-2013,    01-Jul-2013,3200000,1,West
143,RICHLAND WA ELEC REVENUE,    19-Dec-2019,    19-Dec-2019,3145000,11,West
144,ROARING FORK CO TRANSPRTN AUTH SALES & USE TAX REVENUE,    30-Aug-2012,    30-Aug-2012,3590000,2,West
145,ROSEDALE-RIO BRAVO CA WTR STORAGE DIST KERN CNTY,    06-Oct-2020,    06-Oct-2020,46885000,31,West
146,ROWLAND CA WTR DIST WTR REVENUE,    08-Sep-2021,    08-Sep-2021,36170000,16,West
147,S BAYSIDE CA WST MGMT AUTH SOL WST ENTERPRISE REVENUE,    09-Jul-2019,    09-Jul-2019,45375000,40,West
148,SACRAMENTO CA AREA FLOOD CONTROL AGY,    07-Dec-2016,    07-Dec-2016,252495000,17,West
149,SACRAMENTO CA MUNI UTILITY DIST ELEC REVENUE,    25-Jul-2019,    07-May-2020,591875000,27,West
150,SAINT HELENA CA,    30-Nov-2022,    30-Nov-2022,5255000,27,West
151,SAN BERNARDINO ASSOCIATED GOVTS CA LIMITED SUB OBLIG IMPT,    28-Mar-2017,    28-Mar-2017,4867600,4,West
152,SAN DIEGO ASSN OF GOVTS CA CAPITAL GRANT RECEIPTS REVENUE,    14-Aug-2019,    14-Aug-2019,286370000,4,West
153,SAN DIEGO CA UNIF SCH DIST,    05-Jan-2016,    30-Nov-2022,1682400000,84,West
154,SAN DIEGO CNTY CA COPS,    02-Dec-2021,    02-Dec-2021,49060000,21,West
155,SAN DIEGO CNTY CA REGL TRANSPRTN COMMISSION SALES TAX REV,    19-Feb-2020,    19-Feb-2020,71660000,20,West
156,SAN DIEGO CNTY CA WTR AUTH,    22-Jul-2020,    29-Apr-2021,811920000,30,West
157,SAN FRANCISCO CA BAY AREA RAPID TRANSIT DIST,    01-Jun-2017,    25-May-2022,2166860000,111,West
158,SAN FRANCISCO CA BAY AREA RAPID TRANSIT DIST SALES TAX REV,    28-Dec-2017,    31-Oct-2019,213610000,27,West
159,SAN FRANCISCO CA CITY & CNTY PUB UTILS COMMN WTR REVENUE,    21-Oct-2020,    21-Oct-2020,341435000,2,West
160,SAN FRANCISCO CA MUNI TRANSPRTN AGY REVENUE,    11-Mar-2021,    11-Mar-2021,104285000,3,West
161,SAN FRANCISCO CITY & CNTY CA,    03-Apr-2018,    03-Apr-2018,39460000,15,West
162,SAN FRANCISCO CITY & CNTY CA CMNTY FACS DIST #2014-1 SPL TAX,    09-Nov-2017,    15-Dec-2022,477730000,71,West
163,SAN FRANCISCO CITY & CNTY CA COPS,    23-Oct-2019,    23-Oct-2019,243485000,25,West
164,SAN FRANCISCO CITY & CNTY CA PUBLIC UTILITIES COMMISSION POW,    20-May-2015,    21-Dec-2021,106305000,37,West
165,SAN FRANCISCO CITY & CNTY CA PUBLIC UTILITIES COMMISSION WTR,    14-Dec-2016,    23-Sep-2020,1447000000,72,West
166,SAN FRANCISCO CITY & CNTY CA PUBLIC UTILS COMMISSION WSTWTR,    24-May-2016,    30-Nov-2021,1249400000,49,West
167,SAN JOSE CA FING AUTH WSTWTR REVENUE,    15-Dec-2022,    15-Dec-2022,268355000,23,West
168,SAN LORENZO VLY CA WTR DIST,    14-Aug-2019,    14-Aug-2019,13290000,18,West
169,SAN LUIS OBISPO CNTY CA FING AUTH LEASE REVENUE,    05-Mar-2020,    05-Mar-2020,15060000,20,West
170,SAN MATEO FOSTER CITY CA PUBLIC FING AUTH WSTWTR REVENUE,    04-Jun-2019,    04-Jun-2019,268370000,19,West
171,SAN RAFAEL CA JT PWRS FING AUTH LEASE REVENUE,    28-Mar-2018,    28-Mar-2018,41505000,12,West
172,SANTA CLARA VLY CA WTR DIST SAFE CLEAN WTR PROGRAM COPS,    06-Dec-2022,    06-Dec-2022,46445000,1,West
173,SANTA CLARA VLY CA WTR DIST SAFE CLEAN WTR REVENUE,    06-Dec-2022,    06-Dec-2022,75295000,22,West
174,SANTA CLARITA CA PUBLIC FIN AUTH LEASE REVENUE,    27-Oct-2022,    27-Oct-2022,18815000,31,West
175,SANTA CRUZ CA WTR REVENUE,    12-Dec-2019,    12-Dec-2019,20170000,22,West
176,SANTA CRUZ CNTY CA CAPITAL FING AUTH LEASE REVENUE,    07-Dec-2017,    07-Dec-2017,6200000,7,West
177,SANTA CRUZ CNTY CA CAPITAL FING AUTH REVENUE,    30-Jun-2022,    30-Jun-2022,19945000,20,West
178,SANTA MONICA CA PUBLIC FING AUTH LEASE REVENUE,    14-Sep-2017,    14-Sep-2017,67145000,19,West
179,SANTA MONICA CA WTR REVENUE,    25-Aug-2021,    25-Aug-2021,70525000,22,West
180,SANTEE CA SCH DIST COPS,    16-Jun-2010,    16-Jun-2010,510000,3,West
181,SEATTLE WA MUNI LIGHT & PWR REVENUE,    08-Feb-2011,    05-Aug-2020,278710000,34,West
182,SEATTLE WA WTR SYS REVENUE,    17-Jun-2021,    28-Jul-2022,172350000,37,West
183,SILICON VLY CA CLEAN WTR WSTWTR REVENUE,    22-Feb-2018,    22-Feb-2018,128805000,25,West
184,SOLANO CNTY CA COPS,    06-Oct-2021,    06-Oct-2021,29540000,19,West
185,SONOMA MARIN AREA RAIL TRANSPRTN DIST MEASURE Q SLS TAX REV,    29-Oct-2020,    29-Oct-2020,106325000,7,West
186,SPANISH FORK CITY UT SWR REVENUE,    05-Aug-2020,    05-Aug-2020,73345000,17,West
187,SPOKANE WA WATR & WSTWTR SYS REV,    02-Dec-2014,    02-Dec-2014,127390000,12,West
188,STHRN CA PUBLIC PWR AUTH REVENUE,    12-May-2020,    07-Apr-2021,394500000,29,West
189,STOCKTON CA PUBLIC FING AUTH WTR REVENUE,    20-Nov-2018,    05-Dec-2019,177425000,28,West
190,SUNNYVALE CA FING AUTH LEASE REVENUE,    12-Nov-2020,    12-Nov-2020,131200000,20,West
191,TACOMA WA ELEC SYS REVENUE,    27-Jul-2010,    14-Sep-2021,146040000,10,West
192,TACOMA WA SOL WST REVENUE,    18-Mar-2015,    18-Mar-2015,7920000,3,West
193,TENDER OPTION BOND TRUST,    01-Nov-2018,    20-Dec-2018,22350000,4,West
194,TENDER OPTION BOND TRUST RECEIPTS / CTFS,    05-Jul-2022,    26-Oct-2022,233705000,33,West
195,TENDER OPTION BOND TRUST RECEIPTS / CTFS VARIOUS STATES,    11-Jun-2015,    26-Jan-2023,366445000,77,West
196,THREE RIVERS LEVEE IMPT AUTH CA SPL TAX REVENUE,    31-Aug-2021,    31-Aug-2021,31990000,14,West
197,THURSTON CNTY WA,    09-Nov-2010,    09-Nov-2010,2040000,1,West
198,TIGARD OR WTR SYS REVENUE,    03-Nov-2020,    03-Nov-2020,84655000,19,West
199,TRANSBAY JT POWERS AUTH CA,    25-Jun-2020,    25-Jun-2020,259590000,38,West
200,TRINITY CA PUBLIC UTILITIES DIST FING AUTH ELEC REVENUE,    01-Nov-2017,    01-Nov-2017,17695000,17,West
201,TRIVIEW CO MET DIST WTR & WSTWTR ENTERPRISE REVENUE,    27-May-2020,    05-Nov-2020,26525000,31,West
202,TUALATIN HILLS OR PARK & RECREATION DIST,    30-Mar-2021,    30-Mar-2021,11065000,5,West
203,TWIN HILLS CA UNION SCH DIST,    17-Mar-2011,    17-Mar-2011,1210000,1,West
204,UNIV OF COLORADO CO ENTERPRISE REVENUE,    15-Oct-2019,    15-Oct-2019,214625000,1,West
205,UNIV OF COLORADO CO ENTERPRISE SYS REVENUE,    13-Apr-2021,    16-Nov-2021,151595000,23,West
206,UNIV OF UTAH UT REVENUES,    11-Jan-2022,    06-Jul-2022,664715000,42,West
207,UTAH ST ASSOCIATED MUNI PWR SYS REVENUE,    16-Dec-2014,    16-Dec-2014,18155000,14,West
208,UTAH ST TRANSIT AUTH SALES TAX REVENUE,    10-Nov-2021,    10-Nov-2021,440260000,24,West
209,UTAH ST UNIV REVENUE,    17-Nov-2021,    17-Nov-2021,8605000,15,West
210,VALLECITOS CA WTR DIST,    19-Aug-2021,    19-Aug-2021,25550000,10,West
211,VALLEJO CA WTR REVENUE,    24-Feb-2021,    24-Feb-2021,41825000,21,West
212,W SONOMA CNTY CA UNION HIGH SCH DIST,    09-Jun-2011,    09-Jun-2011,1285000,1,West
213,WARM SPRINGS OR RESERVATION CONFEDERATED TRIBES,    29-Aug-2019,    15-Dec-2021,78200000,19,West
214,WASATCH INTEGRATED WST MGMT DIST UT SOL WST MGMT REVENUE,    22-Mar-2019,    22-Mar-2019,15970000,14,West
215,WASHINGTON ST,    08-Oct-2015,    08-Oct-2015,28105000,6,West
216,WASHINGTON ST CONVENTION CENTER PUBLIC FACS DIST,    09-Aug-2018,    25-Aug-2021,885400000,55,West
217,WASHINGTON ST COPS,    21-Jul-2020,    21-Jul-2020,11705000,14,West
218,WASHINGTON ST ECON DEV FIN AUTH ENVRNMNYL FACS REVENUE,    18-Dec-2020,    08-Dec-2022,212970000,2,West
219,WASHINGTON ST UNIV REVENUES,    16-Jul-2019,    16-Jul-2019,55440000,12,West
220,WEST CNTY FACS FING AUTH CA WSTWTR REVENUE,    30-Sep-2021,    30-Sep-2021,79575000,20,West
221,WESTERN PLACER WST MGMT AUTH CA SOLID WST REVENUE,    06-Sep-2022,    06-Sep-2022,88830000,19,West
222,WESTERN RIVERSIDE COUNCIL OFGOVTS CA SUB OBLIG IMPT,    15-Sep-2016,    22-Jun-2017,32317000,13,West
223,WESTMINSTER CA SCH DIST COPS,    18-Feb-2021,    18-Feb-2021,16370000,13,West
224,WINDY GAP FIRMING PROJ WTR ACTIVITY ENTERPRISE CO,    19-Aug-2021,    19-Aug-2021,169705000,18,West
225,WOODLAND CA FIN AUTH WTR REVENUE,    16-Dec-2021,    16-Dec-2021,12840000,16,West
226,WSTRN CO ST CLG BRD OF TRUSTEES,    29-Jun-2010,    29-Jun-2010,1635000,1,West
227,WSTRN WASHINGTON UNIV WA,    01-Feb-2022,    01-Feb-2022,15950000,15,West
228,YAKIMA CNTY WA,    22-Sep-2010,    22-Sep-2010,2430000,1,West
229,YAMHILL CNTY OR SCH DIST #1 YAMHILL-CARLTON,    30-Oct-2019,    30-Oct-2019,3030000,12,West
230,YELLOWSTONE CNTY MT HIGH SCH DIST #2 BILLINGS,    26-Jul-2012,    26-Jul-2012,3780000,1,West
231,YELLOWSTONE CNTY MT SCH DIST #2,    26-Jul-2012,    26-Jul-2012,4553502,1,West
232,YUBA CA CMNTY CLG DIST COPS,    21-Jun-2011,    21-Jun-2011,6160000,1,West
233,YUBA CITY CA PUBLIC FING AUTH WSTWTR REVENUE,    12-Apr-2017,    12-Apr-2017,5915000,7,West
234,YUBA CNTY CA COPS,    09-Dec-2015,    09-Dec-2015,4680000,3,West
0,ACTON TX MUNI UTILITY DIST,    01-Oct-2021,    01-Feb-2022,13830000,31,SouthWest
1,ALBUQUERQUE NM MET ARROYO FLOOD CONTROL AUTH,    21-Jun-2022,    17-Jan-2023,25000000,22,SouthWest
2,ALBUQUERQUE NM REFUSE REMOVAL & DISP REVENUE,    30-Jun-2020,    30-Jun-2020,40570000,21,SouthWest
3,ANGELINA & NECHES RIVER AUTH IND DEV CORP,    11-Jun-2021,    11-Jun-2021,120000000,4,SouthWest
4,ARIZONA BRD OF RGTS,    28-Apr-2021,    27-Apr-2022,309225000,68,SouthWest
5,ARIZONA BRD OF RGTS ST UNIV SYS REVENUE,    07-Apr-2015,    14-Sep-2016,313130000,45,SouthWest
6,ARIZONA BRD OF RGTS UNIV ARIZONA SYS REVENUE,    08-Nov-2016,    08-May-2019,197795000,48,SouthWest
7,ARIZONA INDL DEV AUTH SOLAR REVENUE,    27-Oct-2020,    27-Oct-2020,46415000,1,SouthWest
8,ARIZONA ST INDL DEV AUTH REVENUE,    01-Jun-2020,    01-Jun-2020,25000000,1,SouthWest
9,ARIZONA ST UNIV,    17-Apr-2019,    17-Apr-2019,125005000,23,SouthWest
10,ARIZONA ST WTR INFRASTRUCTUREFIN AUTH,    07-Mar-2012,    07-Mar-2012,81010000,8,SouthWest
11,AUBREY TX,    15-Jan-2023,    15-Jan-2023,8170000,14,SouthWest
12,BAUER LANDING WC&ID TX,    01-Mar-2019,    01-Mar-2019,4120000,13,SouthWest
13,BELL CNTY TX MUNI UTILITY DIST #1,    26-Feb-2020,    18-Nov-2020,7575000,36,SouthWest
14,BISSONNET TX MUNI UTILITY DIST,    01-Nov-2020,    01-Nov-2020,4830000,6,SouthWest
15,BRAZORIA CNTY TX INDL DEV CORP SOLID WST DISP FACS REVENUE,    16-Jun-2022,    16-Jun-2022,75000000,1,SouthWest
16,BURKBURNETT TX WTR & SWR REVENUE,    15-Jul-2021,    15-Jul-2021,2795000,15,SouthWest
17,CHARTERWOOD TX MUNI UTILITY DIST,    01-Dec-2020,    01-Dec-2020,5500000,10,SouthWest
18,COLLIN CNTY TX WC&ID #3,    15-Aug-2019,    15-Aug-2019,11000000,23,SouthWest
19,COTTONWOOD CREEK TX MUNI UTILITY DIST #1,    01-Dec-2020,    01-Dec-2020,5600000,15,SouthWest
20,DENTON CNTY TX FRESH WTR SPLYDIST #7,    15-Oct-2019,    15-Oct-2019,7710000,16,SouthWest
21,E MONTGOMERY TX MUNI UTILITY DIST #3,    15-Oct-2021,    15-Oct-2021,7010000,9,SouthWest
22,EDGEWOOD TX INDEP SCH DIST BEXAR CNTY,    15-Nov-2017,    15-Nov-2017,11500000,1,SouthWest
23,ELMENDORF TX,    01-Jan-2021,    01-Jan-2021,1390000,11,SouthWest
24,FORT BEND CNTY TX LEVEE IMPT DIST #7,    15-Mar-2022,    15-Mar-2022,20535000,20,SouthWest
25,FORT BEND CNTY TX MUNI UTILITY DIST #134C,    01-Jun-2019,    01-Jun-2019,7130000,17,SouthWest
26,FORT BEND CNTY TX MUNI UTILITY DIST #152,    01-May-2019,    01-May-2019,5365000,18,SouthWest
27,FORT BEND CNTY TX MUNI UTILITY DIST #194,    01-Dec-2018,    01-Dec-2018,5450000,16,SouthWest
28,FORT BEND TX INDEP SCH DIST,    01-Apr-2017,    01-Sep-2017,92505000,26,SouthWest
29,GALVESTON CNTY TX MUNI UTILITY DIST #44,    01-Mar-2019,    01-Mar-2019,5600000,17,SouthWest
30,GILBERT AZ WTR RESOURCE MUNI PROPERTY CORP UTILITY SYS REVEN,    14-Jun-2022,    14-Jun-2022,473005000,22,SouthWest
31,HARRIS CNTY TX FLOOD CONTROL DIST,    15-Sep-2010,    17-Nov-2015,288860000,18,SouthWest
32,HARRIS CNTY TX MUNI UTILITY DIST #1,    01-Oct-2019,    01-Sep-2020,7695000,30,SouthWest
33,HARRIS CNTY TX MUNI UTILITY DIST #105,    01-Apr-2022,    01-Apr-2022,18345000,16,SouthWest
34,HARRIS CNTY TX MUNI UTILITY DIST #11,    01-Dec-2021,    01-Dec-2021,2770000,13,SouthWest
35,HARRIS CNTY TX MUNI UTILITY DIST #150,    01-Aug-2019,    01-Jan-2021,12075000,37,SouthWest
36,HARRIS CNTY TX MUNI UTILITY DIST #153,    01-Jun-2021,    01-Jun-2021,9780000,14,SouthWest
37,HARRIS CNTY TX MUNI UTILITY DIST #276,    01-Oct-2020,    01-Oct-2020,3570000,12,SouthWest
38,HARRIS CNTY TX MUNI UTILITY DIST #278,    01-Dec-2016,    01-Dec-2016,11610000,15,SouthWest
39,HARRIS CNTY TX MUNI UTILITY DIST #281,    01-Jun-2019,    01-Jun-2019,3280000,13,SouthWest
40,HARRIS CNTY TX MUNI UTILITY DIST #33,    01-Sep-2018,    01-Sep-2018,2210000,17,SouthWest
41,HARRIS CNTY TX MUNI UTILITY DIST #368,    01-Aug-2019,    01-Aug-2019,11725000,16,SouthWest
42,HARRIS CNTY TX MUNI UTILITY DIST #396,    01-Mar-2019,    01-Mar-2019,6130000,15,SouthWest
43,HARRIS CNTY TX MUNI UTILITY DIST #397,    01-Mar-2019,    01-Mar-2019,2825000,16,SouthWest
44,HARRIS CNTY TX MUNI UTILITY DIST #416,    01-Apr-2019,    01-Apr-2019,2625000,18,SouthWest
45,HARRIS CNTY TX MUNI UTILITY DIST #419,    01-Dec-2021,    01-Dec-2021,5285000,17,SouthWest
46,HARRIS CNTY TX MUNI UTILITY DIST #433,    01-Mar-2021,    01-Mar-2021,4500000,15,SouthWest
47,HARRIS CNTY TX MUNI UTILITY DIST #489,    01-Oct-2020,    01-Oct-2020,15400000,21,SouthWest
48,HARRIS CNTY TX MUNI UTILITY DIST #65,    01-Feb-2021,    01-Feb-2021,2575000,11,SouthWest
49,HARRIS CNTY TX MUNI UTILITY DIST #96,    01-Jun-2019,    01-Jun-2019,2545000,12,SouthWest
50,HAYS CNTY TX MUNI UTILITY DIST #4,    01-Apr-2018,    01-Apr-2022,13250000,37,SouthWest
51,HAYS CNTY TX WC&ID #2,    01-Dec-2018,    01-Dec-2018,5350000,20,SouthWest
52,HEARNE TX,    01-Nov-2020,    01-Nov-2020,2445000,7,SouthWest
53,HORIZON TX REGL MUNI UTILITY DIST,    01-Apr-2020,    01-Apr-2020,11110000,4,SouthWest
54,HUNTERS GLEN TX MUNI UTILITY DIST,    01-Mar-2019,    01-Mar-2019,5635000,26,SouthWest
55,KAUFMAN CNTY TX FRESH WTR SPLY DIST #1-C,    01-Oct-2021,    01-Oct-2021,2550000,11,SouthWest
56,KAUFMAN CNTY TX MUNI UTILITY DIST #4,    01-Dec-2020,    01-Dec-2020,3425000,15,SouthWest
57,LAKES FRESH WTR SUPPLY DIST OF DENTON CNTY TX,    01-Sep-2021,    01-Sep-2021,10390000,21,SouthWest
58,LAKESIDE TX MUNI UTILITY DIST #3,    06-Oct-2020,    06-Oct-2020,2000000,12,SouthWest
59,LOWER COLORADO RIVER TX AUTH REVENUE,    15-Oct-2013,    15-Oct-2013,187990000,22,SouthWest
60,MARICOPA CNTY AZ SCH DIST #83 CARTWRIGHT ELEM,    04-Sep-2020,    04-Sep-2020,41170000,11,SouthWest
61,MARICOPA CNTY INDL DEV AUTH EXEMPT FACS REVENUE,    22-Feb-2022,    22-Feb-2022,145060000,1,SouthWest
62,MISSION BEND TX MUNI UTILITY DIST #2,    17-May-2022,    17-May-2022,5870000,14,SouthWest
63,MISSION TX ECON DEV CORP WTR SPLY REVENUE,    22-Dec-2015,    22-Dec-2015,48000000,2,SouthWest
64,MIZUHO FLOATER/RESIDUAL TRUST VARIOUS STATES,    27-Oct-2020,    27-Oct-2020,42405971,2,SouthWest
65,MONTGOMERY CNTY TX MUNI UTILITY DIST #112,    01-Jul-2019,    01-Jul-2019,3750000,15,SouthWest
66,MONTGOMERY CNTY TX MUNI UTILITY DIST #119,    01-Oct-2021,    01-Oct-2021,1405000,9,SouthWest
67,MONTGOMERY CNTY TX MUNI UTILITY DIST #128A,    01-Nov-2020,    01-Nov-2020,10075000,38,SouthWest
68,MONTGOMERY CNTY TX MUNI UTILITY DIST #15,    01-Apr-2021,    01-Apr-2021,8155000,15,SouthWest
69,MONTGOMERY CNTY TX MUNI UTILITY DIST #94,    15-Oct-2020,    15-Oct-2020,3575000,9,SouthWest
70,MONTGOMERY CNTY TX MUNI UTILITY DIST #96,    01-Nov-2020,    01-Nov-2020,2230000,19,SouthWest
71,MONTGOMERY CNTY TX UTILITY DIST #3,    01-Apr-2021,    01-Apr-2021,3615000,14,SouthWest
72,MORNINGSTAR RANCH MUNI UTIL DIST NO 1 PARKER CNTY,    01-Sep-2021,    01-Sep-2021,3080000,15,SouthWest
73,N TEXAS ST MUNI WTR DIST REGL WSTWTR REVENUE,    01-Dec-2017,    15-Oct-2020,57835000,59,SouthWest
74,N TEXAS ST MUNI WTR DIST WTR SYS REVENUE,    15-Apr-2015,    15-Apr-2015,302125000,23,SouthWest
75,N W HARRIS CNTY TX MUNI UTILITY DIST #10,    01-Mar-2022,    01-Mar-2022,21170000,18,SouthWest
76,NEW MEXICO FIN AUTH REVENUE,    27-Jun-2019,    27-Jun-2019,43870000,20,SouthWest
77,NEW MEXICO ST INSTITUTE OF MINING & TECHNOLOGY,    23-Dec-2019,    23-Dec-2019,8555000,18,SouthWest
78,NORTH MISSION GLEN TX MUNI UTILITY DIST,    01-Oct-2019,    01-Oct-2019,8880000,13,SouthWest
79,NORTHAMPTON TX MUNI UTILITY DIST,    01-Sep-2021,    01-Sep-2021,6285000,12,SouthWest
80,NORTHLAKE TX MUNI MGMT DIST #1,    01-Sep-2021,    01-Sep-2021,9010000,20,SouthWest
81,NORTHTOWN TX MUNI UTILITY DIST,    18-Nov-2020,    18-Nov-2020,10000000,12,SouthWest
82,ORANGE CNTY TX WC&ID #1 REVENUE,    15-Apr-2021,    15-Apr-2021,8825000,10,SouthWest
83,ORO VLY AZ EXCISE TAX REVENUE,    22-Jul-2010,    22-Jul-2010,2445000,17,SouthWest
84,PINAL CNTY AZ INDL DEV AUTH ENVRNMNTL FACS REVENUE,    08-Nov-2018,    29-Sep-2021,140300000,3,SouthWest
85,PINAL CNTY AZ REVENUE OBLGS,    04-Aug-2022,    04-Aug-2022,115655000,13,SouthWest
86,POINT AQUARIUS TX MUNI UTILITY DIST,    01-Jan-2021,    01-Jan-2021,9120000,17,SouthWest
87,PORT OF PORT ARTHUR TX NAV DIST EXEMPT FACS REVENUE,    20-Dec-2018,    20-Dec-2018,630000000,2,SouthWest
88,PORTER TX SPL UTILITY DIST WTR SYS REVENUE,    01-Sep-2019,    01-Sep-2019,13280000,22,SouthWest
89,ROCKWALL CNTY TX MUNI UTIL DIST #8,    01-Oct-2022,    01-Oct-2022,9830000,32,SouthWest
90,ROCKWALL CNTY TX MUNI UTILITY DIST #6,    01-Dec-2018,    01-Dec-2018,3945000,18,SouthWest
91,ROCKWALL CNTY TX MUNI UTILITYDIST #9,    01-Nov-2021,    01-Nov-2021,3325000,14,SouthWest
92,ROLLING CREEK TX UTILITY DIST,    01-Feb-2019,    01-Feb-2019,6595000,9,SouthWest
93,SAGEMEADOW TX UTILITY DIST,    01-Feb-2022,    01-Feb-2022,5700000,16,SouthWest
94,SANTA FE NM NET WSTWTR UTIL SYS/ENVRNMNTL SVC GROSS RECEIPTS,    20-Mar-2019,    20-Mar-2019,13550000,16,SouthWest
95,SCHERTZ/SEGUIN TX GOVT CORP CONTRACT REVENUE,    15-Nov-2018,    15-Nov-2018,19045000,22,SouthWest
96,SIENNA PKS LEVEE IMPT DIST TX,    05-Apr-2022,    05-Apr-2022,33500000,21,SouthWest
97,SILVER CITY NM JT UTILITY SYS REVENUE,    06-Oct-2015,    06-Oct-2015,3910000,8,SouthWest
98,SOMERTON AZ PLEDGED REVENUE OBLIGS,    13-Dec-2011,    13-Dec-2011,980000,14,SouthWest
99,SOUTHEAST WILLIAMSON CNTY TX MUNI UTIL DIST NO 1,    18-Mar-2021,    18-Mar-2021,9000000,21,SouthWest
100,STHRN SANDOVAL ARROYO NM FLOOD CONTROL AUTH,    01-Mar-2011,    15-Sep-2022,24820000,65,SouthWest
101,STONEWALL RANCH TX MUNI UTILITY DIST,    03-Feb-2021,    03-Feb-2021,2500000,16,SouthWest
102,SUGAR LAND TX,    01-May-2011,    01-May-2011,98810000,23,SouthWest
103,SUNBELT TX FRESH WTR SPLY DIST,    01-Dec-2021,    01-Dec-2021,8465000,15,SouthWest
104,TATTOR TX MUNI ROAD DIST,    01-Oct-2018,    01-Oct-2018,3000000,13,SouthWest
105,TEMPE AZ EXCISE TAX REVENUE,    23-Jun-2011,    23-Jun-2011,7300000,1,SouthWest
106,TEXAS ST DEPT OF HSG & CMNTY AFFAIRS MF TAX-EXEMPT,    01-May-2020,    01-Jun-2020,68800000,3,SouthWest
107,TEXAS ST WTR DEV BRD,    10-Oct-2019,    30-Jun-2022,1698900000,88,SouthWest
108,TIMBER LANE TX UTILITY DIST,    01-Jun-2019,    01-Jun-2019,9850000,9,SouthWest
109,TRAVIS CNTY TX MUNI UTILITY DIST #17,    12-Nov-2019,    12-Nov-2019,3265000,16,SouthWest
110,TRAVIS CNTY TX WC&ID #17,    26-Nov-2019,    26-Nov-2019,4500000,15,SouthWest
111,TUCSON AZ COPS,    14-Jul-2010,    21-Jun-2011,7020000,11,SouthWest
112,UNIV OF TEXAS TX UNIV REVENUES,    01-Jan-2016,    01-Jan-2016,206040000,4,SouthWest
113,UPPER BRUSHY CREEK WC&ID TX,    16-Mar-2022,    16-Mar-2022,51965000,21,SouthWest
114,UPPER TRINITY TX REGL WTR DIST NE REGL WTR RECLAMATION SYS R,    15-Dec-2018,    15-Dec-2018,28390000,22,SouthWest
115,W HARRIS CNTY TX MUNI UTILITYDIST #5,    01-Jun-2021,    01-Jun-2021,1930000,9,SouthWest
116,WEST WILLIAMSON CNTY MUN UTIL DIST NO 1 TX,    24-Mar-2021,    24-Mar-2021,3190000,16,SouthWest
117,WEST WILLIAMSON CNTY TX MUNI UTILITY DIST #2,    14-Oct-2020,    15-Dec-2021,6350000,30,SouthWest
118,WILLIAMSON CNTY TX MUNI UTILITY DIST #22,    08-Jun-2021,    08-Jun-2021,1900000,11,SouthWest
119,WOOD TRACE TX MUNI UTILITY DIST #1,    01-Sep-2020,    01-Sep-2020,4400000,20,SouthWest
120,YUMA AZ UTIL SYS REV OBLIGS,    28-Dec-2021,    28-Dec-2021,71040000,20,SouthWest
1,PENNSYLVANIA ST,    21-Jan-2010,    21-Jan-2010,          NaN,1,MidAtlantic
2,WESTMORELAND CNTY PA,    14-Mar-2019,    14-Mar-2019,          NaN,1,MidAtlantic
3,MARYLAND ST ECON DEV CORP PRIV ACTIVITY REVENUE,    17-Jun-2016,    14-Apr-2022,956490000,49,MidAtlantic
4,DIST OF COLUMBIA WTR & SWR AUTH PUBLIC UTILITY REVENUE,    23-Jul-2014,    23-Mar-2022,833595000,38,MidAtlantic
5,WASHINGTON DC MET AREA TRANSIT AUTH DEDICATED REVENUE,    08-Jun-2021,    08-Jun-2021,784425000,24,MidAtlantic
6,CMWLTH FING AUTH PA,    21-Apr-2010,    03-Mar-2020,524885000,74,MidAtlantic
7,VIRGINIA ST RESOURCES AUTH CLEAN WTR REVENUE,    20-Jun-2013,    16-Sep-2020,503415000,61,MidAtlantic
8,NEW JERSEY INFRASTRUCTURE BANK,    22-May-2018,    22-Dec-2022,471760000,248,MidAtlantic
9,LEHIGH CNTY PA INDL DEV AUTH,    09-Mar-2016,    09-Mar-2016,339250000,3,MidAtlantic
10,WASHINGTON SUBURBAN SAN DIST MD,    13-Oct-2021,    13-Oct-2021,333980000,60,MidAtlantic
11,MARYLAND ST WTR QUALITY FING ADMIN BAY RESTORATION FUND REVE,    14-May-2014,    03-Dec-2015,280000000,27,MidAtlantic
12,NEW JERSEY ENVRNMNTL INFRASTRUCTURE TRUST,    24-Nov-2015,    21-Nov-2017,265065000,176,MidAtlantic
13,NEW JERSEY ST EDUCTNL FACS AUTH REVENUE,    11-Mar-2020,    11-Mar-2020,174315000,12,MidAtlantic
14,DIST OF COLUMBIA REVENUE,    05-May-2022,    05-May-2022,158835000,27,MidAtlantic
15,NORTHERN VIRGINA TRANSPRTN COMMN TRANSPRTN DIST SPL OBLIG,    28-Jun-2022,    28-Jun-2022,115670000,22,MidAtlantic
16,MARYLAND ST ECON DEV CORP POLL CONTROL REVENUE,    27-Jun-2019,    27-Jun-2019,109500000,1,MidAtlantic
17,LANCASTER CNTY PA SOL WST MGMT AUTH SOL WST DISP REVENUE,    23-Dec-2013,    23-Dec-2013,105390000,21,MidAtlantic
18,WASHINGTON MD SUBURBAN SAN DIST,    23-Dec-2019,    23-Sep-2020,101425000,59,MidAtlantic
19,MONTGOMERY CNTY MD HSG OPPNTYSCOMMN MFH & RECONSTR DEV REV,    28-Jan-2021,    28-Jan-2021,99250000,1,MidAtlantic
20,UNIV OF VIRGINIA VA UNIV REVENUES,    08-Apr-2015,    08-Apr-2015,97735000,2,MidAtlantic
21,VIRGINIA ST SMALL BUSINESS FING AUTH SOL WST DISP FAC REVENU,    07-Jun-2018,    10-Jun-2022,95000000,3,MidAtlantic
22,PHILADELPHIA PA SCH DIST,    20-Nov-2019,    04-Nov-2021,74700000,20,MidAtlantic
23,FAIRFAX CNTY VA ECON DEV AUTH FAC REVENUE,    23-Nov-2021,    23-Nov-2021,74605000,20,MidAtlantic
24,VIRGINIA ST CLG BLDG AUTH EDUCTNL FACS REVENUE,    15-Jul-2015,    15-Jul-2015,66815000,10,MidAtlantic
25,PENNSYLVANIA ST INFRASTRUCTURE INVESTMENT AUTH,    30-Jun-2015,    30-Jun-2015,65000000,20,MidAtlantic
26,PENNSYLVANIA ST ECON DEV FING AUTH SOLID WASTE DISPOSAL REV,    21-Aug-2019,    29-Dec-2022,62000000,3,MidAtlantic
27,UNION CNTY NJ IMPT AUTH SOL WST DISP REVENUE,    30-Oct-2019,    23-Apr-2021,61500000,3,MidAtlantic
28,TENDER OPTION BOND TRUST RECEIPTS / CTFS VARIOUS STATES,    09-Apr-2015,    05-Dec-2022,58985000,13,MidAtlantic
29,MARYLAND ST,    05-Aug-2011,    28-Aug-2019,56500000,3,MidAtlantic
30,SUSTAINABLE ENERGY UTILITY INC DE ENERGY EFFICIENCY REVENUE,    21-May-2020,    21-May-2020,52985000,15,MidAtlantic
31,READING PA AREA WTR AUTH,    26-Mar-2020,    26-Mar-2020,50195000,16,MidAtlantic
32,VIRGINIA ST SMALL BUSINESS FING AUTH REVENUE,    29-Dec-2017,    29-Dec-2017,40000000,1,MidAtlantic
33,RIDLEY PA SCH DIST,    12-Jul-2022,    12-Jul-2022,39040000,13,MidAtlantic
34,W MIFFLIN PA SAN SWR MUNI AUTH,    15-Dec-2020,    15-Dec-2020,36360000,18,MidAtlantic
35,ALIQUIPPA PA MUNI WTR AUTH,    27-Dec-2021,    27-Dec-2021,35000000,18,MidAtlantic
36,ALLEGHENY VLY PA JT SEWAGE AUTH,    28-Jan-2022,    28-Jan-2022,34715000,23,MidAtlantic
37,MARYLAND ST STADIUM AUTH REVENUE,    21-Jul-2020,    21-Jul-2020,33995000,21,MidAtlantic
38,BLYTHE TWP PA SOL WST AUTH REVENUE,    20-Dec-2017,    20-Dec-2017,30565000,1,MidAtlantic
39,GREENE TWP PA MUNI AUTH,    24-Oct-2019,    04-Mar-2021,29650000,42,MidAtlantic
40,MONTGOMERY CNTY MD WTR QUALITY PROTECTION CHARGE REVENUE,    01-Dec-2022,    01-Dec-2022,28550000,21,MidAtlantic
41,UNIV AREA PA JT AUTH SWR REVENUE,    23-Dec-2020,    14-Mar-2022,27395000,11,MidAtlantic
42,MOUNTAINTOP PA AREA JT SANTN AUTH,    29-Sep-2020,    23-Sep-2021,26505000,29,MidAtlantic
43,WILKINSBURG-PENN PA JT WTR AUTH WTR REVENUE,    20-Aug-2020,    20-Aug-2020,26205000,16,MidAtlantic
44,HUDSON CNTY NJ,    20-Dec-2018,    20-Dec-2018,24520000,20,MidAtlantic
45,OXFORD PA AREA SWR AUTH,    27-Jul-2021,    27-Jul-2021,24000000,21,MidAtlantic
46,SALEM CNTY NJ POLL CONTROL FING AUTH,    02-Jun-2020,    02-Jun-2020,23150000,1,MidAtlantic
47,MCCANDLESS TWP PA SANTN AUTH,    20-Jan-2022,    20-Jan-2022,19800000,20,MidAtlantic
48,ECONOMY PA MUNI AUTH SWR REVENUE,    03-Aug-2021,    03-Aug-2021,17665000,15,MidAtlantic
49,PENNSYLVANIA ST COPS,    30-Sep-2010,    30-Dec-2010,17325000,36,MidAtlantic
50,PASSAIC CNTY NJ IMPT AUTH CNTY GTD GOVTL LOAN REVENUE,    15-Jul-2020,    15-Jul-2020,17010000,20,MidAtlantic
51,NEW JERSEY ST ECON DEV AUTH,    26-Jan-2023,    26-Jan-2023,16000000,11,MidAtlantic
52,LEBANON PA AUTH SWR REVENUE,    17-Dec-2019,    17-Dec-2019,15710000,11,MidAtlantic
53,GTR GREENSBURG PA SWR AUTH,    06-Oct-2022,    06-Oct-2022,14645000,16,MidAtlantic
54,OCEAN CNTY NJ,    21-Dec-2017,    21-Dec-2017,14165000,20,MidAtlantic
55,BRICK TWP NJ MUNI UTILITIES AUTH,    08-Jul-2020,    08-Jul-2020,13310000,24,MidAtlantic
56,FRANKLIN TWP PA SWR AUTH,    09-Oct-2019,    27-Apr-2021,13130000,26,MidAtlantic
57,NORFOLK VA,    07-Nov-2013,    19-Oct-2016,12970000,3,MidAtlantic
58,UNION TWP NJ BRD OF EDU,    17-Dec-2020,    15-Apr-2021,12590000,26,MidAtlantic
59,PENNCREST PA SCH DIST,    10-Mar-2022,    10-Mar-2022,12020000,14,MidAtlantic
60,HACKENSACK NJ BRD OF EDU,    12-May-2021,    12-May-2021,11275000,20,MidAtlantic
61,MERCER CNTY NJ IMPT AUTH,    21-Oct-2021,    21-Oct-2021,11235000,6,MidAtlantic
62,DEUTSCHE BANK SPEARS/LIFERS TRUST VARIOUS STATES,    23-Jan-2023,    23-Jan-2023,10825000,2,MidAtlantic
63,FAIRFAX CNTY VA ECON DEV AUTH REVENUE,    01-Aug-2018,    01-Aug-2018,10790000,18,MidAtlantic
64,HAMPTON VA,    02-Dec-2020,    02-Dec-2020,10725000,20,MidAtlantic
65,JP MORGAN CHASE PUTTERS/DRIVERS TRUST VARIOUS STATES,    09-Apr-2015,    09-Apr-2015,10000000,2,MidAtlantic
66,LIGONIER PA VLY SCH DIST,    22-Feb-2018,    22-Feb-2018,10000000,3,MidAtlantic
67,RADNOR TWP PA,    08-Jun-2022,    08-Jun-2022,10000000,14,MidAtlantic
68,FRANKLIN TWP PA MUNI SAN AUTH SWR REV,    23-Nov-2021,    23-Nov-2021,9980000,3,MidAtlantic
69,PHILADELPHIA PA AUTH FOR INDLDEV CITY AGREEMENT REVENUE,    26-Apr-2018,    26-Apr-2018,9935000,15,MidAtlantic
70,SHAMOKIN-COAL TWP PA JT SWR AUTH SWR REVENUE,    24-Apr-2019,    24-Apr-2019,9915000,13,MidAtlantic
71,S MIDDLETON TWP PA MUNI AUTH WTR & SWR REVENUE,    20-Feb-2019,    20-Feb-2019,9890000,17,MidAtlantic
72,EPHRATA BORO PA AUTH SWR REVENUE,    10-Aug-2021,    10-Aug-2021,9695000,15,MidAtlantic
73,HUNTINGDON PA AREA SCH DIST,    26-Mar-2020,    26-Mar-2020,9545000,10,MidAtlantic
74,N SEWICKLEY TWP PA SWR AUTH SWR REVENUE,    26-May-2022,    26-May-2022,9510000,12,MidAtlantic
75,ALLEGHENY CNTY PA,    30-Nov-2010,    30-Nov-2010,9385000,1,MidAtlantic
76,EASTON PA AREA JT SWR AUTH,    01-Jun-2021,    01-Jun-2021,9380000,13,MidAtlantic
77,BRICK TWP NJ BRD OF EDU,    29-Jul-2021,    29-Jul-2021,9040000,14,MidAtlantic
78,GROVE CITY PA,    18-Jun-2020,    18-Jun-2020,9025000,17,MidAtlantic
79,BURGETTSTOWN-SMITH TWP JT SEWERAGE AUTH SWR REVENUE,    10-Aug-2021,    10-Aug-2021,8945000,14,MidAtlantic
80,MONROEVILLE PA MUNI AUTH SWR REVENUE,    21-Dec-2020,    21-Dec-2020,8265000,7,MidAtlantic
81,SAYREVILLE NJ SCH DIST,    17-Dec-2020,    17-Dec-2020,8140000,19,MidAtlantic
82,EAST BRUNSWICK TWP NJ BRD OF EDU,    06-Feb-2019,    06-Feb-2019,8135000,11,MidAtlantic
83,LONG BRANCH NJ BRD OF EDU,    20-Feb-2019,    20-Feb-2019,7815000,21,MidAtlantic
84,CHARLEROI PA AREA SCH DIST,    02-Mar-2021,    02-Mar-2021,7630000,17,MidAtlantic
85,EAST LAMPETER PA SEWAGE AUTH,    03-Jul-2019,    03-Dec-2019,7255000,17,MidAtlantic
86,FOREST PA AREA SCH DIST,    01-Mar-2022,    01-Mar-2022,7230000,14,MidAtlantic
87,EMPORIA VA,    02-Dec-2020,    02-Dec-2020,6750000,16,MidAtlantic
88,MID VLY PA SCH DIST,    27-Feb-2020,    27-Feb-2020,6350000,11,MidAtlantic
89,PHILADELPHIA PA MUNI AUTH REVENUE,    31-May-2012,    31-May-2012,6250000,2,MidAtlantic
90,VIENNA VA,    23-Dec-2015,    23-Dec-2015,6180000,15,MidAtlantic
91,CENTER-WEST JT SWR AUTH PA SWR REVENUE,    15-Jul-2021,    15-Jul-2021,6090000,18,MidAtlantic
92,BRIGHTON TWP PA MUNI AUTH WTR REVENUE,    13-Aug-2020,    13-Aug-2020,5875000,15,MidAtlantic
93,BUENA NJ REGL SCH DIST,    05-Sep-2019,    05-Sep-2019,5700000,20,MidAtlantic
94,CENTRAL COLUMBIA PA SCH DIST,    17-Mar-2020,    17-Mar-2020,5700000,19,MidAtlantic
95,WASHINGTON TWP PA MUNI AUTH SWR REVENUE,    14-Jul-2020,    14-Jul-2020,5480000,11,MidAtlantic
96,LANCASTER CNTY PA,    07-Aug-2013,    07-Aug-2013,5200000,4,MidAtlantic
97,UNION CNTY NJ IMPT AUTH,    23-Dec-2021,    23-Dec-2021,5055000,5,MidAtlantic
98,MCGUFFEY PA SCH DIST,    29-May-2019,    29-May-2019,4985000,10,MidAtlantic
99,PARADISE TWP PA SWR AUTH,    01-Aug-2019,    01-Aug-2019,4935000,16,MidAtlantic
100,MILLCREEK RICHLAND PA JT AUTH GTD SWR REVENUE,    07-Dec-2021,    07-Dec-2021,4715000,10,MidAtlantic
101,WILDWOOD NJ,    07-Apr-2022,    07-Apr-2022,4590000,12,MidAtlantic
102,NORTH SEWICKLEY TWP PA WTR AUTH WTR REVENUE,    03-Aug-2021,    03-Aug-2021,4440000,16,MidAtlantic
103,EATONTOWN NJ SCH DIST,    30-Sep-2021,    30-Sep-2021,4290000,12,MidAtlantic
104,MILLVILLE PA AREA SCH DIST,    11-Apr-2019,    11-Apr-2019,3925000,14,MidAtlantic
105,TOWANDA PA MUNI AUTH SWR REVENUE,    21-Oct-2021,    21-Oct-2021,3150000,12,MidAtlantic
106,STOCKERTOWN BORO PA,    21-Oct-2020,    21-Oct-2020,2795000,11,MidAtlantic
107,WILMINGTON DE,    22-Nov-2011,    22-Nov-2011,2700000,1,MidAtlantic
108,YORK PA,    28-Dec-2011,    28-Dec-2011,2200000,1,MidAtlantic
109,TRI VLY PA SCH DIST,    30-Dec-2013,    30-Dec-2013,1500000,2,MidAtlantic
110,FAYETTE CNTY PA,    01-Nov-2011,    01-Nov-2011,1490000,12,MidAtlantic
111,SPOTSYLVANIA CNTY VA,    26-Jul-2012,    26-Jul-2012,1240000,12,MidAtlantic
0,ALBANY WTR & SWR REVENUE LA,-1.8384,27.1616,4165000,13,SouthEast
1,ARKANSAS DEV FIN AUTH ENVIRONMENTAL REVENUE,29.5041,29.5041,290000000,1,SouthEast
2,ARKANSAS ST,-4.6712,26.3288,90535000,71,SouthEast
3,ARKANSAS ST DEV FIN AUTH INDL DEV REVENUE,26.5041,26.5041,265000000,1,SouthEast
4,ARKANSAS ST DEV FIN AUTH REVENUE,-1.3288,10.2466,6080000,8,SouthEast
5,ARKANSAS ST DEV FIN AUTH ST AGY FACS REVENUE,-7.7534,6.2466,4630000,15,SouthEast
6,ASHEVILLE NC WTR SYS REVENUE,-6.5945,28.4137,88750000,39,SouthEast
7,ATLANTA GA WTR & WSTWTR ENVRNMNTL IMPACT REVENUE,5.6658,5.6658,14020000,2,SouthEast
8,BARDSTOWN KY INDEP SCH DIST FIN CORP ENERGY CONSV REVENUE,1.9178,19.9178,3410000,9,SouthEast
9,BEAUREGARD PARISH LA WTRWKS DIST #3,-1.1616,19.8384,6620000,19,SouthEast
10,BENTON/WASHINGTON AR REGL PUBLIC WTR AUTH WTR REVENUE,-2.4137,29.5808,127470000,61,SouthEast
11,BRECKINRIDGE CNTY KY SCH DIST FIN CORP ENERGY CONSV REVENUE,-1.7479,17.2521,6670000,19,SouthEast
12,BRECKINRIDGE CNTY KY SCH DISTFIN CORP ENERGY CONSV REVENUE,4.2466,17.2466,2115000,6,SouthEast
13,BRUNSWICK & GLYNN CNTY GA DEVAUTH,2.0795,2.0795,7170000,1,SouthEast
14,BULLITT CNTY KY SCH DIST FIN CORP ENERGY CONSV REVENUE,-3.7507,15.2466,9775000,20,SouthEast
15,BURKE CNTY GA DEV AUTH POLL CONTROL REVENUE,22.6712,22.6712,100000000,1,SouthEast
16,CALERA AL WTRWKS BRD WTR REVENUE,-1.0767,12.9178,9345000,15,SouthEast
17,CALLOWAY CNTY KY SCH DIST FIN CORP ENERGY CONSV REVENUE,-0.7479,18.2466,10735000,16,SouthEast
18,CARROLL CNTY KY POLL CONTROL REVENUE,19.5041,19.5041,96000000,1,SouthEast
19,CARROLL CNTY KY SCH DIST FIN CORP ENERGY CONSV REVENUE,0.0849,19.0795,2592000,11,SouthEast
20,CENTERTON AR WTR & SWR REVENUE,-3.2548,24.7479,23780000,31,SouthEast
21,CENTRL AR WTR REVENUE,5.5808,19.5808,31825000,15,SouthEast
22,CHARLESTON SC WTRWKS & SWR REVENUE,2.8329,28.8384,151190000,19,SouthEast
23,CHEROKEE AL WTR & SWR AUTH REVENUE,-0.9205,13.0795,2850000,12,SouthEast
24,CLINTON CNTY KY SCH DIST FIN CORP ENERGY CONSV REVENUE,-2.0767,16.9178,2755000,13,SouthEast
25,COLUMBIA SC STORMWTR SYS REVENUE,-3.0849,24.9233,37900000,22,SouthEast
26,COLUMBUS CNTY NC INDL FACS & POLL CONTROL FING AUTH,4.0,4.0,13500000,1,SouthEast
27,COVINGTON CNTY AL WTR AUTH WTR REVENUE,-1.1616,17.8329,6655000,20,SouthEast
28,COVINGTON KY INDEP SCH DIST FIN CORP ENERGY CONSV REVENUE,0.2466,19.2521,2990000,15,SouthEast
29,CROSS CNTY AR RURAL WTR SYS,-0.2466,23.7479,6700000,13,SouthEast
30,CULLMAN CNTY AL WTR REVENUE,-0.8329,7.1616,9865000,10,SouthEast
31,EAST CENT REGL WASTEWATERTREATMENT FACS OPERATION BRD,0.5808,1.5863,86590000,16,SouthEast
32,EDMONSON CNTY KY SCH DIST FIN CORP ENERGY CONSV REV,-0.0767,18.9178,4170000,17,SouthEast
33,EL DORADO AR WTR & SWR REVENUE,-2.4192,9.5808,9915000,19,SouthEast
34,FLORIDA DEV FIN CORP SURFACE TRANPRTN FAC REVENUE,25.8384,25.8384,950000000,1,SouthEast
35,FLORIDA ST DEPT ENVRNMNTL PROT PRESERVATION REVENUE,-12.6795,9.3288,1082000000,96,SouthEast
36,FLORIDA ST DEV FIN CORP,34.3342,34.3342,770000000,1,SouthEast
37,FLOYD CNTY KY SCH DIST FIN CORP ENERGY CONSV REVENUE,-1.7534,17.2466,7215000,20,SouthEast
38,FOLEY AL LEASE PURCHASE COPS,-9.1644,9.8329,2975000,5,SouthEast
39,FORT PAYNE AL WTRWKS BRD WTR REVENUE,-0.6712,11.3288,14695000,13,SouthEast
40,FRANKFORT KY INDEP SCH DIST FIN CORP ENERGY CONSV REVENUE,-1.7534,12.2466,845000,12,SouthEast
41,FRANKLINTON LA WTR & SWR REVENUE,-1.0822,25.9233,2445000,12,SouthEast
42,FULTON CNTY GA DEV AUTH,9.0795,9.0795,16934000,1,SouthEast
43,GAINESVILLE FL UTILITIES SYS REVENUE,23.5863,23.5863,39475000,1,SouthEast
44,GALLATIN CNTY KY SCH DIST FIN CORP ENERGY CONSV REVENUE,0.2466,14.2521,1645000,12,SouthEast
45,GRANT CNTY KY SCH DIST FIN CORP ENERGY CONSERVATION REVENUE,-0.5014,17.4986,6190000,13,SouthEast
46,GREENSBORO NC ENTERPRISE SYS REVENUE,-3.2493,7.7534,25990000,12,SouthEast
47,HANCEVILLE AL WTRWKS & SWR BRD WTR & SWR REVENUE,0.2466,24.2521,4225000,8,SouthEast
48,HART CNTY KY SCH DIST FIN CORP ENERGY CONSV REVENUE,0.2466,19.2521,4180000,20,SouthEast
49,HEBER SPRINGS AR WTR & SWR REVENUE,-2.3342,21.6658,23115000,30,SouthEast
50,HENDERSON KY EXEMPT FACS REVENUE,8.8384,28.8384,320000000,5,SouthEast
51,HILLSBOROUGH CNTY FL,-2.6712,26.3288,64950000,30,SouthEast
52,HOOVER AL INDL DEV BRD ENVNMNTL IMPT REVENUE,27.6712,27.6712,63400000,1,SouthEast
53,HOPKINSVILLE KY,0.0795,29.0795,6165000,18,SouthEast
54,HOT SPRINGS AR WSTWTR REVENUE,-2.2466,29.7534,83960000,18,SouthEast
55,HOT SPRINGS AR WTR REVENUE,-2.4137,29.5863,153750000,60,SouthEast
56,HYDE PARK CDD #1 FL SPL ASSMNT,4.1616,29.1671,8610000,4,SouthEast
57,INLIVIAN NC MF REVENUE,14.1671,14.1671,13500000,1,SouthEast
58,KENTUCKY ST INFRASTRUCTURE AUTH,-12.0795,-3.0795,208430000,33,SouthEast
59,KNOX CNTY TN INDL DEV BRD SOL WST DISPOSAL REVENUE,9.6712,29.6712,47100000,3,SouthEast
60,LAUREL MS WTR & SWR SYS REVENUE,-1.5863,17.4137,5000000,20,SouthEast
61,LEBANON TN,12.0795,12.0795,3500000,1,SouthEast
62,LESLIE CNTY KY SCH DIST FIN CORP ENERGY CONSV REVENUE,2.0849,19.0795,1320000,5,SouthEast
63,LEXINGTON-FAYETTE URBAN CNTY KY GOVT,4.2466,4.2466,2900000,1,SouthEast
64,LITTLE ROCK AR WTR RECLAMATION SYS REVENUE,1.4137,19.4137,22850000,13,SouthEast
65,LIVINGSTON PARISH LA SWR DIST REVENUE,-1.0055,18.9945,12915000,14,SouthEast
66,LIVINGSTON PARISH LA WTRWKS REVENUE,-0.9205,9.0849,12150000,10,SouthEast
67,LOUISIANA ST LOCAL GOVT ENVRNMNTL FACS & CMNTY DEV AUTH REVE,7.2521,24.6658,776435000,22,SouthEast
68,LOUISIANA ST PUBLIC FACS AUTHREVENUE,-1.9205,-1.9205,83680000,1,SouthEast
69,LOUISVILLE & JEFFERSON CNTY KY MET GOVT,4.4192,4.4192,7400000,1,SouthEast
70,LOUISVILLE & JEFFERSON CNTY KY MET SWR DIST SWR & DRAIN SYS,-0.8,29.2055,451340000,27,SouthEast
71,LOWNDES CNTY MS SOL WST DISP & POLL CONTROL REVENUE,14.0849,14.0849,88200000,1,SouthEast
72,MADISON CNTY AL BRD OF EDU LEASE REVENUE,11.5863,11.5863,9700000,1,SouthEast
73,MADISON CNTY GA SCH DIST COPS,0.1616,16.1616,28355000,13,SouthEast
74,MEADE CNTY KY INDL BLDG REVENUE,37.3425,38.4247,359630000,4,SouthEast
75,MET ATLANTA GA RAPID TRANSIT AUTH SALES TAX REVENUE,-0.6658,22.3342,369563000,26,SouthEast
76,MET GOVT NASHVILLE & DAVIDSON CNTY TN,4.4192,4.4192,6440000,1,SouthEast
77,MET GOVT NASHVILLE & DAVIDSON CNTY TN WTR & SWR REVENUE,-1.6712,28.3342,699015000,62,SouthEast
78,MET GOVT OF LYNCHBURG MOORE CNNTY TN WTR REVENUE,-0.7534,21.2466,3292000,12,SouthEast
79,MIAMI LAKES FL STORMWATER UTIL SYS REVENUE,-0.5014,28.4986,15500000,22,SouthEast
80,MID-ARKANSAS UTILITIES PUBLIC WTR AUTH AR WTR REVENUE,-1.7534,11.2466,4890000,11,SouthEast
81,MISSISSIPPI DEV BK SPL OBLIG,10.3342,27.3342,56000000,11,SouthEast
82,MISSISSIPPI ST BUSINESS FIN CORP EXEPT FACS REVENUE,24.3726,24.3726,100000000,1,SouthEast
83,MISSISSIPPI ST BUSINESS FIN CORP SOL WST DISP REVENUE,6.7534,6.7534,22000000,1,SouthEast
84,MISSISSIPPI ST DEV BANK SPL OBLG,16.6712,16.6712,13000000,1,SouthEast
85,MOBILE CNTY AL LTD OBLG,22.6712,22.6712,28090000,1,SouthEast
86,MOUNTAIN HOME AR WTR & SWR REVENUE,7.2521,19.2466,10000000,6,SouthEast
87,NICHOLAS CNTY KY SCH DIST FIN CORP ENERGY CONSV REVENUE,1.9945,20.0,3205000,13,SouthEast
88,OAKLAND PARK FL WTR & SWR REVENUE,-1.5014,17.5041,10730000,15,SouthEast
89,OCOEE TN UTILITY DIST WTR & WSTWTR REVENUE,1.5808,23.5863,10000000,13,SouthEast
90,OPELIKA AL UTILITIES BRD UTILITY REVENUE,-1.7534,18.2466,40560000,46,SouthEast
91,ORANGEBURG CNTY SCH DIST SPL OBLIG,2.2466,21.2521,41000000,18,SouthEast
92,OWENSBORO KY INDEP SCH DIST FIN CORP ENERGY CONSV REVENUE,-1.9205,17.0795,13245000,18,SouthEast
93,OZARK AL UTILITIES BRD WTR & SWR REVENUE,0.4986,24.4986,12280000,19,SouthEast
94,PADUCAH KY INDEP SCH DIST FIN CORP ENERGY CONSV REVENUE,0.1616,19.1671,9995000,13,SouthEast
95,PARIS TN,-3.7562,14.2466,2595000,14,SouthEast
96,PERRY CNTY KY SCH DIST FIN CORP ENERGY CONSV REVENUE,-3.0849,15.9178,6750000,17,SouthEast
97,PRAIRIE GROVE AR SWR & WTR REVENUE,-0.8384,17.1616,4740000,12,SouthEast
98,PRIV CLGS & UNIVS AUTH GA,25.5041,25.5041,39725000,1,SouthEast
99,PULASKI CNTY KY SCH DIST FIN CORP ENERGY CONSV REVENUE,0.2466,19.2521,12495000,36,SouthEast
100,RICHLAND CNTY SC SCH DIST #2 SPL OBLIG,-1.7534,12.2466,18390000,15,SouthEast
101,RUSSELLVILLE AL WTRWKS & SWR BRD WTR & SWR REVENUE,-2.3342,7.6658,10505000,16,SouthEast
102,RUSSELLVILLE AR WTR & SWR REVENUE,-1.6712,17.3342,46025000,16,SouthEast
103,S GA GOVTL SVCS AUTH REVENUE,-1.0055,9.3288,8975000,22,SouthEast
104,S W AR WTR USERS PUBLIC WTR AUTH WTR REVENUE,-0.6712,19.3288,6760000,12,SouthEast
105,SAINT CHARLES PARISH LA CONSOL WTRWKS & WSTWTR DIST #1,-0.6712,13.3288,15025000,15,SouthEast
106,SCOTT CNTY KY SCH DIST FIN CORP ENERGY CONSV REVENUE,-2.7534,16.2466,7000000,20,SouthEast
107,SCOTTSBORO AL,12.4986,12.5041,5750000,2,SouthEast
108,SEMINOLE FL IMPT DIST UTILS REVENUE,4.5808,14.5808,11715000,3,SouthEast
109,SOUTH CAROLINA ST HSG FIN & DEV AUTH MULTFAM REVENUE,13.8329,13.8384,14500000,3,SouthEast
110,SOUTH CAROLINA ST JOBS-ECON DEV AUTH ECON DEV REVENUE,3.1616,16.1671,13500000,2,SouthEast
111,SOUTH CAROLINA ST JOBS-ECON DEV AUTH SOL WST DISP REVENUE,-3.0849,28.2521,122350000,11,SouthEast
112,SOUTH DALLAS WTR AUTH INC AL WTR & SWR REVENUE,0.8329,25.8329,3955000,12,SouthEast
113,SOUTHEAST ARKANSAS CLG STUDENT TUITION & FEE REVENUE,7.7918,20.7918,5510000,3,SouthEast
114,SOUTHSIDE PUBLIC WTR AUTH WTR & SWR REVENUE,-2.0055,27.0,16505000,13,SouthEast
115,SPARTANBURG CNTY SC SCH DIST #7 SPL OBLIG,2.2466,21.2466,10600000,14,SouthEast
116,STARKVILLE MS WTR & SWR REVENUE,-2.8384,16.1616,10000000,20,SouthEast
117,SUMTER CNTY AL INDL DEV AUTH EXEMPT FACS REVENUE,29.3726,29.3726,250000000,1,SouthEast
118,TALLASSEE AL WTR GAS & SWR REVENUE,-1.8384,20.1616,7650000,22,SouthEast
119,TAMARAC FL UTILITY SYS REVENUE,-5.4192,23.5863,21865000,23,SouthEast
120,TAMPA FL SPL ASSMNT REVENUE,-3.8411,23.1671,121175000,44,SouthEast
121,TAMPA FL WTR & WSTWTR SYS REVENUE,11.5808,34.5863,282545000,12,SouthEast
122,TANGIPAHOA PARISH LA SEWERAGE DIST #1 REVENUE,5.5808,26.5808,4845000,8,SouthEast
123,TENDER OPTION BOND TRUST RECEIPTS / CTFS VARIOUS STATES,34.5863,34.5863,10000000,2,SouthEast
124,TERREBONNE LA LEVEE & CONSV DIST PUBLIC IMPT SALES TAX,-1.7534,18.2521,103595000,19,SouthEast
125,TERREBONNE PARISH LA SALES & USE TAX,-3.9233,20.0849,75108000,34,SouthEast
126,TRI-COUNTY REGL WTR DISTRIBUTION DIST AR WTR REVENUE,-1.1671,27.8329,8865000,14,SouthEast
127,TRUSSVILLE AL,11.0795,11.0795,2485000,1,SouthEast
128,UNICOI CNTY TN WTR UTILITY DIST WTRWKS REVENUE,-1.6712,12.3288,2080000,5,SouthEast
129,UNIV OF KENTUCKY KY GEN RECPTS,1.5863,1.5863,12955000,1,SouthEast
130,UNIV OF LOUISVILLE KY,4.4986,4.4986,20942000,1,SouthEast
131,VENICE FL UTILITY REVENUE,-6.2603,12.7479,15355000,19,SouthEast
132,VESTAVIA HILLS AL,9.9233,9.9233,4245000,1,SouthEast
133,WARD AR WTR & SWR REVENUE,-0.9205,28.0795,6495000,13,SouthEast
134,WARREN CNTY KY,-3.2548,13.7479,5715000,13,SouthEast
135,WHAMERA NC LEASE REVENUE,-3.337,8.6658,5095000,5,SouthEast
136,WILLIAMSON CNTY TN,-3.7562,11.2466,10115000,22,SouthEast
137,WYNNE AR WTR & SWR REVENUE,0.2466,29.2521,6590000,13,SouthEast
0,ALBANY CNTY NY,    27-Dec-2012,    27-Dec-2012,1600000,9,NorthEast
1,ASHLAND MA,    01-Apr-2015,    01-Apr-2015,3170000,19,NorthEast
2,AUBURN NY,    27-Aug-2015,    27-Aug-2015,8700000,23,NorthEast
3,BELCHERTOWN MA,    01-Oct-2011,    01-Oct-2011,3140000,3,NorthEast
4,BERKSHIRE MA WIND PWR COOPERATIVE CORP REVENUE,    22-Dec-2017,    22-Dec-2017,40210000,11,NorthEast
5,BINGHAMTON NY CITY SCH DIST,    03-Oct-2019,    03-Oct-2019,16500000,1,NorthEast
6,BOSTON MA,    30-Dec-2020,    30-Dec-2020,23885000,4,NorthEast
7,BOSTON MA WTR & SWR COMMISSION,    07-Jul-2021,    07-Jul-2021,157710000,17,NorthEast
8,BUFFALO NY SWR AUTH SWR ENVRNMNTL IMPACT REVENUE,    16-Jun-2021,    16-Jun-2021,49160000,17,NorthEast
9,BURLINGTON VT ELEC REVENUE,    05-Apr-2022,    05-Apr-2022,18045000,15,NorthEast
10,CAZENOVIA NY CENTRL SCH DIST,    20-Jan-2021,    20-Jan-2021,1704457,1,NorthEast
11,CHARLES RIVER MA POLL CONTROLDIST,    01-Aug-2013,    01-Aug-2013,1950000,12,NorthEast
12,CHAUTAUQUA CNTY NY,    15-May-2010,    15-May-2010,2000000,15,NorthEast
13,CONNECTICUT ST,    19-Oct-2010,    26-Oct-2016,190000000,15,NorthEast
14,CONNECTICUT ST GREEN BANK,    29-Jul-2020,    11-May-2021,41629000,27,NorthEast
15,CONNECTICUT ST HLTH & EDUCTNL FACS AUTH REVENUE,    22-Jul-2021,    22-Jul-2021,90910000,2,NorthEast
16,CONNECTICUT ST REVOLVING FUND GEN REVENUE,    21-Feb-2013,    21-Feb-2013,124935000,20,NorthEast
17,CONNECTICUT ST REVOLVING FUNDGEN REVENUE,    06-May-2015,    09-Jul-2019,750000000,79,NorthEast
18,DERBY CT,    18-Nov-2020,    18-Nov-2020,3000000,1,NorthEast
19,EASTHAM MA,    23-Aug-2019,    23-Aug-2019,2550000,1,NorthEast
20,EVERETT MA,    11-Feb-2021,    11-Feb-2021,1570000,10,NorthEast
21,FRANKLIN CNTY NY SOL WST MGMTAUTH,    06-Jun-2019,    06-Jun-2019,6155000,7,NorthEast
22,GEORGETOWN MA,    15-Oct-2012,    15-Oct-2012,2199000,13,NorthEast
23,GROTON CITY CT,    29-Jun-2022,    29-Jun-2022,28195000,20,NorthEast
24,GTR LAWRENCE MA SANTN DIST,    08-Mar-2019,    08-Mar-2019,1709000,1,NorthEast
25,HARTFORD CNTY CT MET DIST CLEAN WTR PROJ REVENUE,    19-Jun-2013,    03-Nov-2021,557515000,118,NorthEast
26,HONEOYE FALLS-LIMA NY CENTRL SCH DIST,    22-Jun-2021,    22-Jun-2021,8404559,1,NorthEast
27,HUDSON YARDS INFRASTRUCTURE CORP NY 2ND INDENTURE REVENUE,    27-Oct-2021,    27-Oct-2021,454140000,22,NorthEast
28,JEFFERSON CNTY NY INDL DEV AGY SOL WST DISP REVENUE,    20-Nov-2014,    20-Nov-2014,33145000,3,NorthEast
29,LANCASTER MA,    28-Sep-2012,    28-Sep-2012,1484000,15,NorthEast
30,LOWELL MA,    13-Dec-2011,    13-Dec-2011,2648000,13,NorthEast
31,MAINE ST FIN AUTH,    23-Dec-2021,    23-Dec-2021,85000000,1,NorthEast
32,MAINE ST FIN AUTH SOL WST DISP REVENUE,    22-Dec-2017,    13-Jun-2019,52000000,2,NorthEast
33,MAINE ST HSG AUTH ENERGY HSG & ECON REVENUE FUND REVENUE,    14-Oct-2021,    14-Oct-2021,38930000,13,NorthEast
34,MALDEN MA,    28-Nov-2018,    28-Nov-2018,7180000,16,NorthEast
35,MANCHESTER NH SWR REVENUE,    23-Dec-2021,    23-Dec-2021,46535000,13,NorthEast
36,MARTHAS VINEYARD MA LAND BANK REVENUE,    13-Nov-2014,    01-Mar-2017,55130000,36,NorthEast
37,MASSACHUSETTS ST,    11-Jun-2013,    13-Apr-2017,800000000,39,NorthEast
38,MASSACHUSETTS ST CLEAN ENERGYCOOPERATIVE CORP,    01-Dec-2021,    01-Dec-2021,69040000,13,NorthEast
39,MASSACHUSETTS ST CLEAN WTR TRUST,    07-Jan-2015,    14-Dec-2022,1472300000,193,NorthEast
40,MASSACHUSETTS ST CLG BLDG AUTH,    17-Dec-2014,    22-Jul-2021,110565000,42,NorthEast
41,MASSACHUSETTS ST DEV FIN AGY REVENUE,    08-Apr-2015,    17-May-2022,504845000,24,NorthEast
42,MASSACHUSETTS ST PORT AUTH,    20-Jul-2022,    20-Jul-2022,120925000,15,NorthEast
43,MASSACHUSETTS ST WTR POLL ABATEMENT TRUST,    13-Jun-2012,    12-Jun-2014,1005800000,80,NorthEast
44,MASSACHUSETTS ST WTR RESOURCES AUTH,    06-May-2010,    22-Dec-2021,3023400000,187,NorthEast
45,MATTABASSETT CT DIST REVENUE,    15-Jun-2021,    15-Jun-2021,18205000,13,NorthEast
46,MET TRANSPRTN AUTH NY DEDICATED TAX FUND,    26-May-2016,    17-May-2017,1581400000,106,NorthEast
47,MET TRANSPRTN AUTH NY REVENUE,    25-Feb-2016,    12-Feb-2021,9758986605,235,NorthEast
48,MIZUHO FLOATER/RESIDUAL TRUST VARIOUS STATES,    11-Jan-2021,    11-Jan-2021,17418814,2,NorthEast
49,MURRAY TOWN NY,    29-Dec-2020,    29-Dec-2020,2270000,27,NorthEast
50,NARRAGANSETT BAY RI COMMISSION WSTWTR SYS REVENUE,    19-Mar-2020,    19-Mar-2020,196360000,19,NorthEast
51,NATIONAL FIN AUTH NH REVENUE,    20-Aug-2020,    20-Aug-2020,90000000,1,NorthEast
52,NEW YORK CITY NY TRUST FOR CULTURAL RESOURCES,    07-Jan-2021,    07-Jan-2021,73260000,1,NorthEast
53,NEW YORK ST,    30-Mar-2011,    31-Mar-2011,25365000,11,NorthEast
54,NEW YORK ST DORM AUTH REVENUES NON ST SUPPORTED DEBT,    27-Apr-2016,    26-Nov-2019,327870000,19,NorthEast
55,NEW YORK ST ENERGY RESEARCH & DEV AUTH,    21-Mar-2018,    14-Oct-2020,50700000,28,NorthEast
56,NEW YORK ST ENERGY RESEARCH & DEV AUTH RESIDENTIAL ENERGY,    13-Aug-2013,    13-Aug-2013,24300000,11,NorthEast
57,NEW YORK ST ENERGY RESEARCH & DEV AUTH RSDL CLEAN ENERGY,    10-Aug-2022,    10-Aug-2022,25600000,8,NorthEast
58,NEW YORK ST ENVRNMNTL FACS CORP REVENUE,    24-Jun-2010,    06-Dec-2022,2307500000,527,NorthEast
59,NEW YORK ST ENVRNMNTL FACS CORP SOL WST DISP REVENUE,    02-Sep-2020,    02-Sep-2020,40000000,1,NorthEast
60,NEW YORK ST ENVRNMNTL FACS CORP ST CLEAN WTR & DRINKING,    17-Jun-2011,    02-Jul-2015,2301900000,172,NorthEast
61,NEW YORK ST ENVRNMNTL FACS CORP ST CLEAN WTR & DRINKING WTR,    29-Jun-2016,    21-Apr-2022,3214300000,223,NorthEast
62,NEW YORK ST HSG FIN AGY,    22-Dec-2016,    29-Jul-2020,1203200000,313,NorthEast
63,NEW YORK ST HSG FIN AGY MF MTGE BACKED BONDS,    01-Dec-2021,    01-Dec-2021,200000000,2,NorthEast
64,NEW YORK ST LIBERTY DEV CORP LIBERTY REVENUE,    14-Sep-2021,    15-Mar-2022,1694405000,39,NorthEast
65,NEW YORK ST PWR AUTH GREEN TRANSMISSION PROJ REVENUE,    21-Apr-2022,    21-Apr-2022,608310000,23,NorthEast
66,NEW YORK ST PWR AUTH REVENUE,    12-May-2020,    12-May-2020,1120600000,5,NorthEast
67,NEW YORK ST THRUWAY AUTH PERSONAL INCOME TAX REVENUE,    28-Jul-2022,    28-Jul-2022,874105000,10,NorthEast
68,NORTON MA,    15-Jul-2021,    15-Jul-2022,7200000,2,NorthEast
69,ONONDAGA CNTY NY RESOURCE RECOVERY AGY,    11-Apr-2019,    11-Apr-2019,10835000,15,NorthEast
70,OTIS MA,    05-Nov-2015,    05-Nov-2015,6225000,19,NorthEast
71,PORTLAND ME ARPT REVENUE,    05-Dec-2019,    05-Dec-2019,58450000,30,NorthEast
72,PORTLAND ME WTR DIST WSTWTR SYS REVENUE,    30-Jul-2020,    30-Jul-2020,1350000,12,NorthEast
73,PORTLAND ME WTR DIST WTR SYS REVENUE,    01-Aug-2019,    01-Aug-2022,21950000,48,NorthEast
74,PROSPECT CHARTERCARE RWMC LLC RI,    28-May-2020,    28-May-2020,42165000,1,NorthEast
75,PROSPECT CHARTERCARE SJHSRI LLC RI,    11-Jan-2021,    11-Jan-2021,18000000,1,NorthEast
76,RHODE ISLAND INFRASTRUCTURE BANK EFFICIENT BLDGS FUND REV,    29-Nov-2018,    29-Oct-2020,32280000,32,NorthEast
77,RHODE ISLAND INFRASTRUCTURE BANK SAFE DRINKING WTR REVOLVING,    17-Dec-2015,    27-Jun-2019,65590000,56,NorthEast
78,RHODE ISLAND ST & PROVIDENCE PLANTATIONS LEASE COPS,    01-Nov-2018,    01-Nov-2018,10195000,14,NorthEast
79,RHODE ISLAND ST CLEAN WTR FIN AGY WTR POLL CONTROL REVENUE,    06-May-2010,    28-Jun-2012,102760000,41,NorthEast
80,RHODE ISLAND ST CLEAN WTR FINAGY WTR POLL CONTROL REVENUE,    30-Jul-2015,    30-Jul-2015,56275000,21,NorthEast
81,RHODE ISLAND ST INFRASTRUCTURE BANK WTR POLL CONTROL REVENUE,    02-Jun-2016,    18-Dec-2019,177505000,69,NorthEast
82,ROCHESTER NY,    01-Jul-2010,    01-Jul-2010,2166400,5,NorthEast
83,ROCKLAND CNTY NY SOL WST MGMT AUTH,    13-Jul-2021,    13-Jul-2021,34575000,30,NorthEast
84,SALEM NH,    07-Jul-2022,    07-Jul-2022,6698000,1,NorthEast
85,SARATOGA CNTY NY WTR AUTH WTRSYS REVENUE,    22-Dec-2021,    22-Dec-2021,11360000,14,NorthEast
86,SOUTH CENTRAL CT REGL WTR AUTH WTR SYS REVENUE,    02-Jul-2019,    02-Jul-2019,13125000,2,NorthEast
87,SOUTH CENTRAL CT REGL WTR AUTHWTR SYS REV,    05-Jan-2022,    05-Jan-2022,3430000,1,NorthEast
88,SOUTH HADLEY MA,    18-Dec-2013,    18-Dec-2013,1901000,15,NorthEast
89,STAMFORD CT WTR POLL CONTROL SYS & FAC REVENUE,    09-Dec-2020,    09-Dec-2020,39615000,26,NorthEast
90,TENDER OPTION BOND TRUST,    14-Aug-2018,    20-Dec-2018,25000000,6,NorthEast
91,TENDER OPTION BOND TRUST RECEIPTS / CTFS,    29-Jul-2022,    06-Dec-2022,314355000,36,NorthEast
92,TENDER OPTION BOND TRUST RECEIPTS / CTFS VARIOUS STATES,    09-Jun-2016,    30-Jan-2023,2532300000,317,NorthEast
93,TRIBOROUGH NY BRIDGE & TUNNEL AUTH PAYROLL MOBILITY TAX,    15-Sep-2022,    12-Jan-2023,2114300000,43,NorthEast
94,TRIBOROUGH NY BRIDGE & TUNNELAUTH PAYROLL MOBILITY TAX,    01-Nov-2022,    01-Nov-2022,99560000,1,NorthEast
95,UPPER BLACKSTONE MA WTR POLL ABATEMENT DIST,    20-Oct-2022,    20-Oct-2022,2000000,1,NorthEast
96,UPPER MOHAWK VLY NY REGL WTR FIN AUTH,    23-Aug-2016,    05-Nov-2020,834645000,46,NorthEast
97,UTILITY DEBT SECURITIZATION AUTH NY,    29-Sep-2022,    29-Sep-2022,94780000,7,NorthEast
98,VERMONT ST,    22-Oct-2015,    22-Oct-2015,28515000,28,NorthEast
99,VERMONT ST ECON DEV AUTH SOLID WST DISP REVENUE,    01-Jun-2022,    01-Jun-2022,35000000,1,NorthEast
100,VERMONT ST EDUCTNL & HLTH BLDGS FING AGY REVENUE,    10-Nov-2015,    28-Jul-2016,107465000,28,NorthEast
101,VERMONT ST MUNI BOND BANK,    15-Mar-2017,    15-Mar-2017,6115000,18,NorthEast
102,WAREHAM MA,    18-Jun-2020,    18-Jun-2020,13520000,20,NorthEast
103,WATERBURY CT,    01-Sep-2010,    01-Sep-2010,4700000,1,NorthEast
104,WATERTOWN MA,    23-Jun-2022,    23-Jun-2022,26790000,20,NorthEast
105,WAYNE CNTY NY WTR & SWR AUTH WTR & SWR SYS REVENUE,    11-May-2021,    11-May-2021,5875000,19,NorthEast
106,WEST GENESEE NY CENTRL SCH DIST,    15-Dec-2020,    22-Jul-2021,8600000,2,NorthEast
107,WESTCHESTER CNTY NY,    15-Dec-2022,    15-Dec-2022,24775000,12,NorthEast
108,WESTCHESTER CNTY NY INDL DEV AGY MF HSG REVENUE,    08-Dec-2020,    08-Dec-2020,23500000,1,NorthEast
109,WINDSOR NY CENTRL SCH DIST,    01-Nov-2021,    31-Oct-2022,7900000,2,NorthEast
110,WSTRN NASSAU CNTY NY WTR AUTH,    15-Jun-2021,    15-Jun-2021,95455000,39,NorthEast
111,YORK NY,    29-Aug-2019,    29-Aug-2019,3528300,30,NorthEast
0,ALMA CENTER-HUMBIRD-MERRILLAN SCH DIST WI,    08-Sep-2011,    08-Sep-2011,4600000,1,MidWest
1,AMERICAN MUNI PWR OH INC SOLAR ELECTRICITY PREPAYMENT,    31-Jan-2019,    20-Aug-2020,78405000,40,MidWest
2,AMERICAN MUNI PWR-OHIO INC,    14-Apr-2022,    28-Apr-2022,5160000,2,MidWest
3,AMERICAN MUNI PWR-OHIO INC OH REVENUE,    07-Dec-2010,    18-Feb-2020,920890000,74,MidWest
4,ANTIOCH IL,    22-Sep-2021,    22-Sep-2021,7065000,9,MidWest
5,BATTLE CREEK MI WTR & WSTWTR REVENUE,    28-Dec-2016,    28-Dec-2016,8890000,15,MidWest
6,BEDFORD IN SEWAGE WKS REVENUE,    13-Dec-2018,    13-Dec-2018,6760000,13,MidWest
7,BEDFORD IN WTRWKS REVENUE,    13-Dec-2018,    13-Dec-2018,6185000,16,MidWest
8,BELOIT WI SCH DIST,    17-Sep-2012,    17-Sep-2012,2215000,1,MidWest
9,BENSENVILLE IL,    09-Dec-2014,    09-Dec-2014,6815000,1,MidWest
10,BLOOMINGTON IN,    21-Dec-2021,    21-Dec-2021,10770000,24,MidWest
11,BLOOMINGTON IN SEWAGE WKS REVENUE,    23-Dec-2020,    21-Dec-2021,30150000,26,MidWest
12,BLOOMINGTON IN WTRWKS REVENUE,    23-Jun-2022,    23-Jun-2022,15430000,19,MidWest
13,BLOOMINGTON MN,    05-Dec-2018,    05-Dec-2018,10805000,15,MidWest
14,BOARDMAN OH LOCAL SCH DIST,    10-Aug-2011,    10-Aug-2011,3488000,1,MidWest
15,BOONE IA SWR REVENUE,    11-May-2021,    11-May-2021,5840000,8,MidWest
16,CAMBRIDGE WI SCH DIST,    17-Nov-2020,    17-Nov-2020,1725000,1,MidWest
17,CARUTHERSVILLE MO LEASE COPS,    28-Mar-2019,    28-Mar-2019,895000,5,MidWest
18,CHAMPAIGN CNTY IL CMNTY UNIT SCH DIST #116,    14-Dec-2010,    14-Dec-2010,585000,1,MidWest
19,CHAMPAIGN CNTY IL TWP HIGH SCH DIST #193,    20-Dec-2010,    20-Dec-2010,120000,1,MidWest
20,CHICAGO HEIGHTS IL,    15-Dec-2021,    15-Dec-2021,9200000,10,MidWest
21,CHICAGO IL BRD OF EDU,    29-Apr-2015,    29-Apr-2015,20000000,1,MidWest
22,CHICAGO IL MET WTR RECLAMATION DIST GREATER CHICAGO,    27-Jul-2011,    07-Dec-2021,572935000,87,MidWest
23,CHICAGO IL WTR REVENUE,    10-Nov-2010,    10-Nov-2010,29665000,1,MidWest
24,CHICAGO IL WTRWKS REVENUE,    10-Nov-2010,    10-Nov-2010,           NaN,2,MidWest
25,CINCINNATI OH,    20-Aug-2015,    20-Aug-2015,3450000,1,MidWest
26,CLEARWATER MO R-I SCH DIST LEASE COPS,    15-Jun-2021,    15-Jun-2021,1250000,5,MidWest
27,CLEVELAND OH WTR POLL CONTROL REVENUE,    14-Apr-2016,    14-Apr-2016,32390000,22,MidWest
28,CLEVELAND-CUYAHOGA CNTY OH PORT AUTH,    08-Nov-2017,    08-Nov-2017,3625000,2,MidWest
29,COLUMBIA CITY IN SEWAGE WKS REVENUE,    10-Jul-2019,    10-Jul-2019,10380000,17,MidWest
30,COLUMBUS-FRANKLIN CNTY OH FIN AUTH DEV REVENUE,    29-Jan-2016,    08-Oct-2021,40925000,13,MidWest
31,COLUMBUS-FRANKLIN CNTY OH FINAUTH DEV REVENUE,    05-Nov-2020,    05-Nov-2020,4385000,1,MidWest
32,COOK CNTY IL CMNTY CONSOL SCH DIST #168 SAUK VILLA,    19-Jan-2017,    19-Jan-2017,9000000,1,MidWest
33,COOK CNTY IL SALES TAX REVENUE,    23-Jul-2013,    23-Jul-2013,24945000,1,MidWest
34,CRESTWOOD MI SCH DIST,    26-May-2021,    26-May-2021,2575000,14,MidWest
35,CRYSTAL CITY MO SCH DIST #47 LEASE COPS JEFFERSON CNTY,    30-Mar-2022,    30-Mar-2022,1425000,5,MidWest
36,DAYTON-MONTGOMERY CNTY OH PORT AUTH DEV REVENUE,    26-Jul-2016,    20-Oct-2021,16860000,7,MidWest
37,DAYTON-MONTGOMERY CNTY OH PORTAUTH MF HSG REVENUE,    01-Aug-2020,    01-Aug-2020,16375000,1,MidWest
38,DECATUR IL,    09-Nov-2016,    28-Apr-2022,47045000,37,MidWest
39,DECATUR IN SWR REVENUE,    05-Nov-2019,    05-Nov-2019,5000000,20,MidWest
40,DEERFIELD IL,    17-Oct-2011,    17-Oct-2011,12500000,1,MidWest
41,DEKALB CNTY MO SCH DIST #R-1 COPS,    17-Feb-2021,    17-Feb-2021,1350000,10,MidWest
42,DEXTER MO #R-XI SCH DIST OF STODDARD CNTY LEASE COPS,    30-Apr-2019,    30-Apr-2019,4050000,15,MidWest
43,DOUGLAS CNTY MN,    18-Aug-2022,    18-Aug-2022,6900000,20,MidWest
44,DU PAGE CNTY IL FOREST PRESERVE DIST,    10-Aug-2015,    10-Aug-2015,31690000,7,MidWest
45,DU PAGE CNTY IL REVENUE,    30-Jul-2020,    30-Jul-2020,50835000,1,MidWest
46,ELKHART IN SEWAGE WKS REVENUE,    29-Jul-2021,    29-Jul-2021,5445000,18,MidWest
47,ELY MN INDEP SCH DIST #696,    15-Jun-2011,    15-Jun-2011,2810000,1,MidWest
48,ESCANABA MI AREA PUBLIC SCHS,    16-Nov-2022,    16-Nov-2022,1150000,10,MidWest
49,FAIRBORN OH CITY SCH DIST COPSCTFS PARTN,    10-Mar-2021,    10-Mar-2021,17820000,19,MidWest
50,FERGUS FALLS MN HSG & REDEV AUTH MF HSG REVENUE,    01-Jul-2020,    01-Jul-2020,8856000,1,MidWest
51,FIRTH NE,    29-Jul-2016,    09-Sep-2021,497000,3,MidWest
52,FLUSHING MI CMNTY SCHS SCH DIST,    15-Feb-2018,    15-Feb-2018,3090000,15,MidWest
53,FORT WAYNE IN SEWAGE WKS IMPTREVENUE,    25-May-2022,    25-May-2022,25000000,24,MidWest
54,FRANKTON-LAPEL IN CMNTY SCHS LEASE PARTICIPATION NOTES,    04-Mar-2020,    04-Mar-2020,4620000,3,MidWest
55,FREDONIA KS COPS,    12-Jan-2023,    12-Jan-2023,4825000,15,MidWest
56,GILBERT MN,    25-Jul-2012,    25-Jul-2012,350000,3,MidWest
57,GILLETT WI SOL WST DISPOSAL REVENUE,    23-Dec-2021,    23-Dec-2021,41585000,1,MidWest
58,GOODHUE CNTY MN,    18-Sep-2012,    18-Sep-2012,1295000,1,MidWest
59,GRAND FORKS CNTY ND,    28-Aug-2018,    02-Jun-2021,252645000,7,MidWest
60,GRANT CNTY MN,    23-Feb-2011,    23-Feb-2011,2000000,1,MidWest
61,GRANVILLE OH,    06-Jan-2022,    06-Jan-2022,2000000,1,MidWest
62,GREAT LAKES MI WTR AUTH SEWAGE DISPOSAL SYS REVENUE,    13-Sep-2022,    13-Sep-2022,210455000,36,MidWest
63,GREAT LAKES MI WTR AUTH WTR SPLY SYS REVENUE,    13-Sep-2022,    13-Sep-2022,207215000,36,MidWest
64,GREENBRIER WV PUBLIC SVC DIST #1 SWR REVENUE,    21-Dec-2022,    21-Dec-2022,9290000,10,MidWest
65,GREENE CNTY IL RURAL WTR DIST WTRWKS REVENUE,    24-Mar-2021,    24-Mar-2021,2470000,12,MidWest
66,GREENE CNTY MO SPL OBLG,    03-Mar-2011,    03-Mar-2011,1130000,2,MidWest
67,GREENWAY MN INDEP SCH DIST #316,    12-Nov-2019,    12-Nov-2019,545000,8,MidWest
68,HAMILTON OH CMNTY AUTH PROPERTY ASSESSED CLEAN ENERGY REVENU,    20-Mar-2020,    20-Mar-2020,32020000,1,MidWest
69,HAMILTON OH WSTWTR SYS REVENUE,    19-Nov-2019,    19-Nov-2019,8865000,17,MidWest
70,HARTFORD WI JT SCH DIST #1,    03-May-2011,    03-May-2011,2295000,1,MidWest
71,HAYTI MO REORG SCH DIST #2 LEASE COPS,    31-May-2018,    31-May-2018,538000,3,MidWest
72,HAZELWOOD MO SCH DIST COPS,    06-Oct-2020,    05-Apr-2022,10585000,25,MidWest
73,HEBRON OH SANTN SWR SYS MTGE REVENUE,    27-Nov-2019,    27-Nov-2019,1355000,5,MidWest
74,HEBRON OH WTRWKS REVENUE,    27-Nov-2019,    27-Nov-2019,2915000,10,MidWest
75,HOLCOMB MO R-III SCH DIST LEASE COPS DUNKLIN COUNTY,    10-Jun-2021,    10-Jun-2021,165000,2,MidWest
76,HOLLAND MI,    21-Dec-2016,    21-Dec-2016,9835000,17,MidWest
77,HOLLAND MI WTR SPLY SYS REVENUE,    14-Apr-2022,    14-Apr-2022,15335000,14,MidWest
78,HOLT MI PUBLIC SCHS,    31-Aug-2021,    31-Aug-2021,2140000,12,MidWest
79,HOWARD BEND MO LEVEE DIST,    15-Dec-2021,    07-Mar-2022,6055000,6,MidWest
80,HUNTINGTON IN STORM WTR DIST,    03-Dec-2020,    03-Dec-2020,5000000,28,MidWest
81,ILLINOIS ST FIN AUTH PROPERTY ASSESSED CLEAN ENERGY REVENUE,    11-Dec-2019,    11-Dec-2019,19990000,1,MidWest
82,ILLINOIS ST FIN AUTH REVENUE,    05-Dec-2013,    30-Dec-2020,2222600000,174,MidWest
83,INDIANA FIN AUTH IN WSTWTR UTIL REVENUE,    21-Sep-2016,    17-Nov-2022,486415000,110,MidWest
84,INDIANA ST FIN AUTH ENVRNMNTL FACS REVENUE,    01-Sep-2011,    01-Sep-2011,55000000,1,MidWest
85,INDIANA ST FIN AUTH ENVRNMNTL REVENUE,    14-Dec-2021,    15-Nov-2022,875000000,2,MidWest
86,INDIANA ST FIN AUTH EXEMPT FAC REVENUE,    10-Apr-2019,    10-Apr-2019,185000000,1,MidWest
87,INDIANA ST FIN AUTH REVENUE,    26-Oct-2011,    08-Nov-2022,3208700000,319,MidWest
88,INDIANA UNIV REVENUES,    14-Jan-2015,    14-Jan-2015,58960000,21,MidWest
89,INDIANAPOLIS IN LOCAL PUBLIC IMPT BOND BANK,    16-Oct-2019,    24-Feb-2022,100000000,37,MidWest
90,INDIANAPOLIS IN LOCAL PUBLIC IMPT BOND BANK LOCAL INCOME TAX,    31-Mar-2022,    31-Mar-2022,65000000,28,MidWest
91,IOWA FALLS IA SWR REVENUE,    28-Apr-2022,    28-Apr-2022,5265000,13,MidWest
92,IOWA FALLS IA WTR REVENUE,    28-Apr-2022,    28-Apr-2022,4875000,13,MidWest
93,IOWA LAKES REGL WTR IA WTR REVENUE,    25-Mar-2021,    25-Mar-2021,8970000,17,MidWest
94,IOWA ST FIN AUTH REVENUE,    01-Dec-2010,    03-May-2022,2254600000,237,MidWest
95,IOWA ST FIN AUTH SOL WST FACS REVENUE,    15-Apr-2021,    15-Apr-2021,68155000,1,MidWest
96,ISDLP CUSTODIAL ACCOUNT LLC,    04-Mar-2020,    04-Mar-2020,13655000,8,MidWest
97,ITASCA CNTY MN,    01-Mar-2011,    01-Mar-2011,3690000,1,MidWest
98,JACKSON CNTY MO REORG SCH DIST #4,    20-Dec-2018,    20-Dec-2018,1965000,12,MidWest
99,JACKSON CNTY MO SCH DIST #58 CTR,    07-May-2019,    07-May-2019,5395000,15,MidWest
100,JEFFERSON WI SCH DIST,    12-Apr-2011,    12-Apr-2011,2345000,3,MidWest
101,JEFFERSONVILLE IN SEWAGE WKS REVENUE,    24-Jun-2021,    24-Jun-2021,15070000,11,MidWest
102,KALAMAZOO MI WSTWTR SYS REVENUE,    14-Apr-2022,    14-Apr-2022,27560000,17,MidWest
103,KALAMAZOO MI WTR REVENUE,    03-May-2022,    03-May-2022,29480000,17,MidWest
104,KANE CNTY IL SCH DIST #129 AURORA W SIDE,    04-Nov-2015,    04-Nov-2015,4865000,2,MidWest
105,KANKAKEE IL SWR REVENUE,    01-Dec-2020,    01-Dec-2020,4940000,13,MidWest
106,KANSAS ST DEV FIN AUTH REVENUE,    21-Dec-2010,    21-Dec-2010,17815000,14,MidWest
107,KAUKAUNA WI ELEC SYS REVENUE,    01-Feb-2012,    01-Feb-2012,25350000,1,MidWest
108,KENILWORTH IL,    16-Mar-2022,    16-Mar-2022,7125000,13,MidWest
109,KNOX CNTY IN ECON DEV REVENUE,    03-May-2012,    03-May-2012,16210000,1,MidWest
110,LAGRANGE CNTY IN REGL UTIL DIST SEWAGE WKS REVENUE,    16-Sep-2020,    16-Sep-2020,9860000,17,MidWest
111,LAKE CNTY S D,    15-Jun-2011,    15-Jun-2011,850000,1,MidWest
112,LANSING MI SCH DIST,    21-Dec-2022,    21-Dec-2022,11735000,15,MidWest
113,LAWRENCE IN WTRWKS REVENUE,    15-Jul-2020,    15-Jul-2020,12395000,9,MidWest
114,LAWRENCE KS,    24-May-2017,    24-May-2017,11375000,22,MidWest
115,LAWRENCE KS INDL REVENUE,    10-Mar-2011,    10-Mar-2011,8720000,1,MidWest
116,LE MARS IA SWR REVENUE,    20-Oct-2022,    20-Oct-2022,5485000,16,MidWest
117,LEBANON OH WTRWKS SYS REVENUE,    09-Sep-2021,    09-Sep-2021,7710000,17,MidWest
118,LEROY IL,    27-Jan-2021,    27-Jan-2021,3440000,15,MidWest
119,LIMA OH SAN SWR REVENUE,    30-Oct-2018,    30-Oct-2018,7535000,10,MidWest
120,LONEDELL MO #R-XIV SCH DIST,    11-Aug-2020,    11-Aug-2020,1250000,6,MidWest
121,MACOUPIN CNTY IL CMNTY UNIT SCH DIST #8,    08-Sep-2022,    08-Sep-2022,925000,3,MidWest
122,MADISON OH LOCAL SCH DIST LAKE CNTY,    30-Sep-2020,    27-Sep-2022,2905000,3,MidWest
123,MANDAN ND PUBLIC SCH DIST #1,    09-Feb-2011,    04-May-2011,3780000,2,MidWest
124,MARSEILLES IL,    13-Apr-2021,    13-Apr-2021,7620000,26,MidWest
125,MARYSVILLE OH WTR SYS MTGE REVENUE,    20-May-2020,    20-May-2020,40465000,22,MidWest
126,MCHENRY & KANE CNTYS IL CMNTY CONSOL SCH DIST # 158,    30-Sep-2011,    30-Sep-2011,1500000,10,MidWest
127,MENASHA WI JT SCH DIST,    01-Jul-2011,    01-Jul-2011,1690000,1,MidWest
128,MET PIER & EXPOSITION AUTH IL PROJ REVENUE,    08-May-2019,    08-May-2019,36865000,20,MidWest
129,MICHIGAN ST,    19-Oct-2011,    30-Sep-2020,742115000,65,MidWest
130,MICHIGAN ST FIN AUTH REVENUE,    03-Nov-2011,    08-Dec-2021,1237800000,171,MidWest
131,MICHIGAN ST MUNI BOND AUTH,    18-Mar-2010,    18-Mar-2010,178740000,24,MidWest
132,MICHIGAN ST STRATEGIC FUND LTD OBLG REVENUE,    18-Jul-2018,    29-Sep-2021,103690000,2,MidWest
133,MILWAUKEE CNTY WI,    12-Nov-2015,    10-Nov-2016,11980000,20,MidWest
134,MILWAUKEE WI MET SEWERAGE DIST,    11-May-2015,    16-May-2022,303690000,87,MidWest
135,MILWAUKEE WI REDEV AUTH REDEV LEASE REVENUE,    01-Dec-2016,    01-Dec-2016,6275000,1,MidWest
136,MILWAUKEE WI SEWERAGE REVENUE,    14-May-2021,    14-May-2021,56435000,20,MidWest
137,MINNEAPOLIS MN,    31-Oct-2018,    05-Dec-2019,210620000,49,MidWest
138,MINNESOTA ST HGR EDU FACS AUTH REVENUE,    02-Jun-2022,    02-Jun-2022,60720000,20,MidWest
139,MINNESOTA ST MUNI PWR AGY ELEC REVENUE,    30-Nov-2010,    30-Nov-2010,86595000,16,MidWest
140,MINNESOTA ST PUBLIC FACS AUTH REVOLVING FUND REVENUE,    18-Nov-2010,    18-Nov-2010,200000000,15,MidWest
141,MINOT ND SALES TAX REVENUE,    29-Sep-2021,    29-Sep-2021,42555000,24,MidWest
142,MISHAWAKA IN WTRWKS REVENUE,    19-May-2021,    19-May-2021,51600000,31,MidWest
143,MISSION KS,    10-Nov-2021,    10-Nov-2021,3205000,15,MidWest
144,MISSOURI CLEAN ENERGY DIST COPS,    30-Apr-2015,    30-Apr-2015,705000,4,MidWest
145,MISSOURI JT MUNI ELEC UTILITY COMMISSION PWR SUPPLY SYS REV,    01-Dec-2022,    01-Dec-2022,43685000,21,MidWest
146,MISSOURI ST ENVRNMNTL IMPT & ENERGY RESOURCES AUTH,    08-Jul-2015,    08-Jul-2015,30070000,15,MidWest
147,MISSOURI ST ENVRNMNTL IMPT & ENERGY RESOURCES AUTH WTR POLL,    17-Feb-2010,    03-Dec-2020,760400000,168,MidWest
148,MITCHELL SD SCH DIST #17-2,    01-Dec-2010,    01-Dec-2010,1725000,1,MidWest
149,MONONA GROVE WI SCH DIST,    15-Sep-2021,    15-Sep-2021,1085000,11,MidWest
150,MONROE CNTY MI,    03-Jun-2014,    03-Jun-2014,10500000,15,MidWest
151,MORENCI MI AREA SCHS,    02-Sep-2021,    02-Sep-2021,1365000,6,MidWest
152,MORGANTOWN WV COMB UTILITY SYS REVENUE,    29-Oct-2020,    29-Oct-2020,31890000,18,MidWest
153,MOUNT HOREB WI AREA SCH DIST,    09-May-2011,    09-May-2011,2500000,2,MidWest
154,NAPERVILLE IL,    09-Mar-2022,    09-Mar-2022,6830000,20,MidWest
155,NEBRASKA ST UTILITIES CORP REVENUE,    06-Feb-2014,    06-Feb-2014,5500000,1,MidWest
156,NEW HOPE MINN ECONOMIC DEVAUTH LEASE REV,    01-Dec-2011,    01-Dec-2011,3505000,1,MidWest
157,NORMANDY SCHS COLLABORATIVE MO JT EXECUTIVE GOVERNING BRD ST,    02-Jul-2020,    02-Jul-2020,485000,3,MidWest
158,NORTH DAKOTA ST PUBLIC FIN AUTH,    25-Jan-2022,    25-Jan-2022,85330000,20,MidWest
159,NORTH KANSAS CITY MO SCH DIST #74 COPS,    30-Sep-2015,    30-Sep-2015,9840000,12,MidWest
160,NORTH MUSKEGON MI PUBLIC SCHS,    29-Apr-2020,    29-Apr-2020,1055000,5,MidWest
161,NORTH NEWTON IN 2011 SCH BLDG CORP,    18-Oct-2011,    18-Oct-2011,2300000,11,MidWest
162,OAK LAWN IL REGL WTR SYS REVENUE,    15-Jun-2022,    15-Jun-2022,19285000,1,MidWest
163,OHIO ST,    21-Dec-2017,    22-Dec-2020,250940000,73,MidWest
164,OHIO ST AIR QUALITY DEV AUTH,    20-Nov-2012,    30-Sep-2013,18152166,3,MidWest
165,OHIO ST AIR QUALITY DEV AUTH EXEMPT FACS REVENUE,    28-Apr-2021,    28-Apr-2021,75000000,1,MidWest
166,OHIO ST UNIV,    30-Sep-2021,    30-Sep-2021,600000000,25,MidWest
167,OHIO ST WTR DEV AUTH POLL CONTROL FACS REVENUE,    14-Mar-2019,    14-Mar-2019,450000000,9,MidWest
168,OHIO ST WTR DEV AUTH REVENUE,    07-Oct-2010,    01-Nov-2021,931485000,143,MidWest
169,OHIO ST WTR DEV AUTH WTR POLL CONTROL REVENUE,    28-Jan-2010,    23-Aug-2011,896625000,54,MidWest
170,OHIO ST WTR DEV AUTH WTR POLLCONTROL REVENUE,    01-May-2014,    14-Dec-2021,2423800000,127,MidWest
171,OKLAHOMA ST CAPITOL IMPT AUTH ST FACS REVENUE,    07-Apr-2022,    07-Apr-2022,17650000,16,MidWest
172,OKLAHOMA ST DEV FIN AUTH SOL WST DISP FACS REVENUE,    29-Dec-2021,    29-Dec-2021,20000000,1,MidWest
173,OKLAHOMA ST WTR RES BRD ST LOAN PROGRAM REVENUE,    16-Mar-2022,    19-May-2022,103725000,45,MidWest
174,OKLAHOMA ST WTR RESOURCE BRD REVOLVING FUND REVENUE,    17-Dec-2015,    22-Dec-2021,379675000,71,MidWest
175,OMAHA NE SANTN SWR REVENUE,    13-Dec-2012,    13-Dec-2012,97650000,22,MidWest
176,OREGON WI SCH DIST,    01-Mar-2019,    01-Mar-2019,44900000,21,MidWest
177,OSHKOSH WI STORM WTR UTILITY REVENUE,    07-Jul-2022,    07-Jul-2022,8405000,19,MidWest
178,OSSEO-FAIRCHILD WI SCH DIST,    05-Dec-2011,    05-Dec-2011,750000,1,MidWest
179,PARK FOREST IL,    08-Jul-2021,    08-Jul-2021,4935000,6,MidWest
180,PEORIA TAZEWELL ETC CNTYS IL CMNTY CLG DIST #514,    13-Mar-2014,    13-Mar-2014,1370000,1,MidWest
181,PLEASANT HILL MO #R-III SCH DIST CASS CNTY LEASE COPS,    06-Jul-2022,    06-Jul-2022,3450000,8,MidWest
182,PLEASANT PRAIRIE WI,    02-Sep-2010,    02-Sep-2010,1890000,3,MidWest
183,PLYMOUTH IN CMNTY SCH CORP,    03-May-2022,    03-May-2022,5365000,10,MidWest
184,PUBLIC FIN AUTH WI POLL CONTROL REVENUE,    27-Sep-2022,    27-Sep-2022,451700000,3,MidWest
185,PUBLIC FIN AUTH WI REVENUE,    16-Dec-2015,    13-Oct-2021,467640000,6,MidWest
186,RACINE WI UNIF SCH DIST,    10-Jun-2013,    10-Jun-2013,2020000,1,MidWest
187,RAMSEY CNTY MN,    25-Feb-2016,    25-Mar-2021,50620000,42,MidWest
188,RANDOLPH IN INDEP CENTRL SCH CORP,    19-Sep-2019,    19-Sep-2019,400000,2,MidWest
189,RAPID CITY SD AREA SCH DIST #51-4,    01-Nov-2011,    01-Nov-2011,4000000,1,MidWest
190,ROCK ISLAND IL,    15-Oct-2020,    15-Oct-2020,12355000,17,MidWest
191,S RIPLEY IN CMNTY MULTI-SCH BLDG CORP,    16-Apr-2020,    16-Apr-2020,4250000,3,MidWest
192,SAINT LOUIS CNTY MO SPL OBLG,    18-May-2011,    18-May-2011,10305000,13,MidWest
193,SAINT LOUIS MO MUNI FIN CORP,    04-May-2016,    04-May-2016,3635000,1,MidWest
194,SAINT LOUIS PARK MN HSG REVENUE,    28-Dec-2018,    28-Dec-2018,43650000,1,MidWest
195,SAINT PAUL MN HSG & REDEV AUTH MF HSG REVENUE,    01-Jun-2020,    01-Jun-2020,11800000,1,MidWest
196,SAINT PAUL MN SWR REVENUE,    05-May-2015,    14-Sep-2022,77485000,152,MidWest
197,SANGAMON VLY IL PUBLIC WTR DIST WTR REVENUE,    07-Jun-2022,    07-Jun-2022,1000000,6,MidWest
198,SCHERERVILLE IN SEWAGE REVENUE,    29-Jul-2020,    29-Jul-2020,3385000,10,MidWest
199,SHAKOPEE MN INDEP SCH DIST #720,    20-Feb-2020,    20-Feb-2020,4990000,15,MidWest
200,SHELL ROCK RIVER WATERSHED DIST MN,    21-Aug-2017,    21-Aug-2017,1940000,11,MidWest
201,SHENANDOAH SCH BLDG CORP IN,    29-Mar-2012,    13-Dec-2012,3000000,28,MidWest
202,SOUTH DAKOTA ST CONSERVANCY DIST,    23-May-2012,    27-Oct-2022,306560000,90,MidWest
203,SPRINGFIELD OH,    27-Mar-2019,    27-Mar-2019,8920000,21,MidWest
204,ST LOUIS MO CLEAN ENERGY DEV  BRD SPL ASSMNT,    21-Sep-2017,    22-Jun-2018,17283000,3,MidWest
205,STARK MET HSG AUTH OH COPS,    29-Aug-2019,    29-Aug-2019,3675000,8,MidWest
206,STHRN ILLINOIS ST UNIV,    19-Dec-2012,    19-Dec-2012,5365000,1,MidWest
207,STHRN OH PORT EXEMPT FAC REVENUE,    07-Oct-2020,    07-Oct-2020,229550000,4,MidWest
208,STORY CITY IOWA SWR REV,    31-May-2019,    31-May-2019,1750000,7,MidWest
209,SUMMERFIELD LEBANON MASCOUTAH WTR COMMISSION ST CLAIR CNTY,    27-Dec-2018,    27-Dec-2018,4975000,17,MidWest
210,SUMMIT CNTY OH DEV FIN AUTH REVENUE,    31-Jan-2018,    02-Mar-2022,28440000,18,MidWest
211,TENDER OPTION BOND TRUST RECEIPTS / CTFS,    15-Sep-2022,    29-Sep-2022,20000000,5,MidWest
212,TENDER OPTION BOND TRUST RECEIPTS / CTFS VARIOUS STATES,    08-Jan-2015,    07-Dec-2021,242195000,58,MidWest
213,TEXAS CNTY MO R-IV SCH DIST CABOOL COPS,    10-Jul-2019,    10-Jul-2019,2985000,10,MidWest
214,TIPPECANOE VLY IN 2011 SCH BLDG CORP,    02-Jun-2011,    02-Jun-2011,2300000,1,MidWest
215,TOLEDO-LUCAS CNTY OH PORT AUTH DEV REVENUE,    22-Oct-2012,    08-Sep-2022,33885000,11,MidWest
216,TREGO CNTY KS RURAL WTR DIST NO 2 WTR REVENUE,    30-Nov-2020,    30-Nov-2020,4175000,15,MidWest
217,UNIV HOSPS & CLINICS AUTH WI,    04-Nov-2021,    04-Nov-2021,315230000,22,MidWest
218,UNIV OF CINCINNATI OH RECPTS,    19-Dec-2014,    19-Dec-2014,30415000,17,MidWest
219,UNIV OF MICHIGAN MI,    16-Mar-2022,    16-Mar-2022,300000000,1,MidWest
220,UNIV OF NEBRASKA NE FACS CORP,    15-Apr-2014,    09-Jun-2021,93325000,11,MidWest
221,UNIV OF NORTH DAKOTA COPS,    13-Sep-2018,    13-Sep-2018,93030000,17,MidWest
222,UPPER SANDUSKY OH EXEMPT VLG SCH DIST,    27-Feb-2019,    27-Feb-2019,142200,1,MidWest
223,VANDALIA OH,    28-Apr-2022,    28-Apr-2022,9000000,15,MidWest
224,VERMILION OH,    30-Apr-2020,    12-Nov-2020,5945000,22,MidWest
225,WARREN CNTY OH PORT AUTH SPL OBLG REVENUES,    03-Nov-2021,    03-Nov-2021,3640000,1,MidWest
226,WARREN IA WTR DIST WTR REVENUE,    08-Sep-2021,    08-Sep-2021,4555000,16,MidWest
227,WARREN MI PUB UTIL SYS REVENUE,    09-Dec-2020,    09-Dec-2020,8725000,19,MidWest
228,WASHINGTON CNTY MN HSG & REDEV AUTH,    20-Mar-2012,    20-Mar-2012,2375000,13,MidWest
229,WEST LAFAYETTE IN SWR REVENUE,    07-Apr-2022,    07-Apr-2022,7630000,14,MidWest
230,WESTWOOD HEIGHTS MI SCH DIST,    03-Apr-2019,    03-Apr-2019,2595000,16,MidWest
231,WHEATON MO R-III SCH DIST LEASE COPS BARRY CNTY,    10-Jul-2019,    10-Jul-2019,760000,4,MidWest
232,WHEELING WV WTRWKS & SWR SYS REVENUE,    03-Aug-2021,    03-Aug-2021,74985000,49,MidWest
233,WHITE BEAR LAKE MN 1ST MF REVENUE,    01-Nov-2020,    01-Nov-2020,6176000,1,MidWest
234,WHITE GALLATIN ETC CNTYS IL CMNTY CLG DIST #533,    14-May-2019,    14-May-2019,2870000,2,MidWest
235,WILL CNTY IL,    09-Jun-2021,    09-Jun-2021,39245000,11,MidWest
236,WILL CNTY IL CMNTY CONSOL SCHDIST #30-C TROY TWP,    27-Dec-2017,    27-Dec-2017,5460000,1,MidWest
237,WILLISTON ST CLG ND COPS,    22-Aug-2019,    22-Aug-2019,7355000,4,MidWest
238,WILLOUGHBY-EASTLAKE OH CITY SCH DIST,    12-Mar-2020,    12-Mar-2020,4550000,8,MidWest
239,WINCHESTER IN REDEV AUTH,    23-Oct-2012,    23-Oct-2012,2300000,5,MidWest
240,WINONA MN INDEP SCH DIST #861,    10-Mar-2022,    10-Mar-2022,15490000,14,MidWest
241,WINTERSET IA MUNI UTILITIES WTR REVENUE,    29-Jul-2021,    29-Jul-2021,3165000,13,MidWest
242,WISCONSIN ST CLEAN WTR REVENUE,    25-Feb-2010,    12-Apr-2016,613125000,83,MidWest
243,WISCONSIN ST ENVRNMNTL IMPT FUND REVENUE,    06-Jun-2017,    17-Nov-2022,540785000,82,MidWest
244,WSTRN MN MUNI PWR AGY,    11-Jul-2018,    11-Jul-2018,82425000,6,MidWest
245,WSTRN WI TECH CLG DIST,    27-Jan-2011,    09-Oct-2012,4700000,3,MidWest
246,WYANDOTTE CNTY/KANSAS CITY KS UNIF GOVT,    16-Dec-2010,    16-Dec-2010,2530000,1,MidWest
247,XENIA OH CMNTY SCH DIST,    02-Nov-2020,    02-Nov-2020,740000,6,MidWest
